update,episode,timestep,reward,Hum_0,Hiss_1,CL_2,Thre_3,Ratio_4,Attk_5,Release_6,Hum_7,Hiss_8,CL_9,Thre_10,Ratio_11,Attk_12,Release_13,Hum_14,Hiss_15,CL_16,Thre_17,Ratio_18,Attk_19,Release_20,Hum_21,Hiss_22,CL_23,Thre_24,Ratio_25,Attk_26,Release_27
0,0,0,0.248,38.42,45.02,0.35,-1.81,1.0,0.1,50.0,27.0,60.0,1.38,-2.89,1.0,8.37,129.34,39.99,36.46,0.0,-8.94,10.0,0.1,300.0,60.0,60.0,1.13,-4.6,6.43,4.34,182.03
0,0,1,0.3073,23.27,34.91,0.0,-12.67,3.6,0.1,50.0,48.05,60.0,0.21,-2.8,6.06,6.71,50.0,30.67,33.04,0.0,-15.0,10.0,3.58,300.0,41.58,60.0,2.0,-6.43,10.0,9.43,254.89
0,0,2,0.3257,54.26,42.62,0.0,0.0,7.73,0.1,50.0,23.19,60.0,1.0,-1.06,1.63,6.68,123.7,23.17,30.0,0.0,-15.0,8.7,8.16,300.0,34.58,45.5,2.0,-15.0,10.0,5.19,279.92
0,0,3,0.2682,53.95,52.29,0.0,-3.89,3.6,5.35,50.0,35.6,60.0,0.74,-1.46,7.14,9.14,192.85,47.97,43.32,0.0,-12.28,5.08,1.04,238.47,60.0,56.58,2.0,-15.0,10.0,1.9,300.0
0,0,4,0.2871,60.0,60.0,0.91,-1.45,10.0,8.95,50.0,30.66,60.0,0.72,-8.27,3.96,10.0,144.54,22.99,38.83,0.0,-15.0,3.81,0.1,300.0,60.0,60.0,2.0,-12.99,10.0,7.95,300.0
0,0,5,0.3456,49.03,60.0,0.98,-15.0,10.0,5.02,50.0,30.32,60.0,0.24,-14.56,6.43,10.0,300.0,15.0,60.0,0.0,-15.0,4.66,0.1,300.0,43.8,60.0,2.0,-15.0,10.0,0.1,300.0
0,0,6,0.3742,60.0,60.0,1.31,-15.0,9.46,2.4,50.0,35.72,60.0,0.0,-15.0,8.92,10.0,255.14,15.0,45.74,0.0,-15.0,5.69,0.1,300.0,16.86,60.0,2.0,-15.0,10.0,0.1,261.6
0,0,7,0.3879,15.0,60.0,2.0,-15.0,7.49,1.29,220.97,58.04,60.0,0.82,-9.48,6.88,10.0,282.0,15.0,30.08,0.0,-15.0,1.57,4.52,300.0,35.16,60.0,2.0,-15.0,10.0,5.69,103.51
0,0,8,0.394,15.0,60.0,2.0,-15.0,7.66,0.1,283.35,60.0,60.0,0.47,-15.0,7.23,10.0,245.76,15.0,30.0,0.0,-15.0,1.0,3.28,300.0,59.57,60.0,0.82,-15.0,10.0,0.1,50.0
0,0,9,0.3771,15.0,57.28,2.0,-11.38,10.0,0.1,300.0,60.0,60.0,0.89,-13.24,4.7,10.0,225.6,15.0,30.0,0.0,-15.0,1.0,0.1,300.0,60.0,53.87,0.0,-15.0,10.0,0.1,50.0
0,0,10,0.375,15.0,60.0,2.0,-10.76,8.98,0.1,300.0,60.0,34.26,0.31,-1.98,6.96,10.0,168.09,15.0,30.0,0.0,-15.0,1.0,0.1,300.0,60.0,60.0,0.0,-15.0,10.0,0.1,50.0
0,0,11,0.4052,15.0,60.0,2.0,-9.97,10.0,0.1,300.0,60.0,30.0,0.0,-0.97,10.0,10.0,212.63,15.0,30.0,0.0,-15.0,1.0,0.22,300.0,26.05,54.07,1.64,-15.0,10.0,0.1,99.23
0,0,12,0.4231,15.0,60.0,1.18,-14.72,10.0,0.1,283.15,56.8,30.0,0.53,0.0,5.63,10.0,57.3,15.0,30.0,0.0,-15.0,1.0,0.1,300.0,57.62,30.0,0.7,-15.0,10.0,0.1,84.08
0,0,13,0.4167,15.0,60.0,1.23,-10.55,10.0,0.1,154.94,60.0,30.0,2.0,0.0,3.17,10.0,50.0,15.0,30.0,0.0,-10.76,1.0,1.54,300.0,60.0,30.0,0.31,-15.0,10.0,0.1,300.0
0,0,14,0.42,15.0,60.0,0.0,-15.0,10.0,0.1,50.0,60.0,30.0,0.88,0.0,6.32,10.0,50.0,15.0,30.0,0.0,-11.21,1.0,0.52,300.0,60.0,30.0,0.12,-15.0,10.0,0.1,300.0
0,1,0,0.3125,20.49,30.0,0.31,0.0,9.25,7.26,251.41,25.18,60.0,1.8,-1.94,5.01,6.21,141.91,52.85,52.33,2.0,-11.16,4.32,2.82,127.2,21.83,30.0,0.79,-0.68,1.0,0.1,290.14
0,1,1,0.3745,15.0,30.0,0.0,0.0,7.74,9.97,300.0,15.0,60.0,1.37,-14.58,4.23,5.14,254.39,25.23,60.0,2.0,-8.92,1.0,1.86,102.32,60.0,50.73,0.86,-1.21,1.0,0.1,300.0
0,1,2,0.3501,16.44,51.77,0.0,0.0,10.0,10.0,253.48,33.68,60.0,1.1,-15.0,10.0,5.17,109.85,15.45,34.07,1.7,-15.0,1.0,1.64,50.0,60.0,44.9,0.0,0.0,1.0,0.1,300.0
0,1,3,0.3795,29.75,30.0,0.0,0.0,10.0,10.0,239.43,15.0,60.0,1.23,-13.04,9.37,10.0,118.04,15.0,39.4,1.63,-15.0,1.0,0.1,50.0,60.0,40.54,0.0,0.0,1.0,0.1,300.0
0,1,4,0.3095,50.19,37.21,0.0,0.0,10.0,10.0,63.83,15.0,60.0,0.0,-12.15,6.91,6.18,145.22,22.94,42.63,1.82,-15.0,1.0,0.1,50.0,60.0,44.75,0.0,0.0,1.0,1.89,300.0
0,1,5,0.3227,31.55,54.2,0.0,0.0,10.0,6.9,213.02,15.0,60.0,0.23,-13.29,8.64,10.0,209.82,24.91,42.42,1.54,-15.0,1.0,0.1,50.0,46.81,30.0,0.0,0.0,1.0,5.33,300.0
0,1,6,0.3356,15.0,40.07,0.0,0.0,10.0,6.85,300.0,15.0,60.0,0.0,-15.0,5.75,10.0,258.62,43.91,50.82,1.72,-15.0,1.0,0.1,52.66,48.53,30.0,0.0,-5.04,1.0,7.61,140.83
0,1,7,0.3551,15.0,40.19,0.0,0.0,8.55,7.07,300.0,15.0,46.22,0.0,-15.0,6.75,8.61,300.0,29.63,60.0,2.0,-15.0,1.0,0.1,130.06,22.61,30.0,0.0,-13.27,1.0,9.91,50.0
0,1,8,0.364,15.0,53.77,0.17,0.0,10.0,6.0,300.0,15.0,50.32,0.0,-15.0,10.0,10.0,235.15,19.83,60.0,2.0,-15.0,1.0,0.1,50.0,15.0,44.24,0.0,-2.66,1.0,8.35,172.61
0,1,9,0.3767,15.0,60.0,0.73,0.0,9.28,5.1,300.0,15.0,60.0,0.0,-13.01,8.47,9.0,50.0,18.24,60.0,1.29,-15.0,1.0,0.1,50.0,15.0,30.0,0.0,0.0,1.0,8.06,217.47
0,1,10,0.4004,19.26,60.0,0.88,-5.2,10.0,4.84,300.0,15.0,60.0,0.0,-13.45,10.0,3.93,50.0,15.0,39.83,2.0,-15.0,1.0,0.1,50.0,15.0,30.0,0.0,0.0,1.0,10.0,56.53
0,1,11,0.4286,29.3,46.71,1.54,-4.95,10.0,0.1,300.0,15.0,60.0,0.0,-14.21,10.0,0.73,50.0,15.0,36.01,2.0,-15.0,1.0,0.1,50.0,15.0,31.93,0.0,-1.12,1.0,10.0,50.0
0,1,12,0.4018,39.74,37.59,2.0,-4.95,10.0,0.1,300.0,15.0,60.0,0.0,-15.0,10.0,1.68,50.0,15.0,42.12,2.0,-15.0,1.0,0.1,50.0,25.57,38.2,0.0,-7.5,1.0,10.0,50.0
0,1,13,0.3348,51.27,47.11,2.0,0.0,10.0,1.07,300.0,15.0,60.0,0.0,-4.74,10.0,0.1,50.0,15.0,50.83,2.0,-15.0,1.23,0.1,50.0,60.0,30.0,0.0,-15.0,1.0,10.0,50.62
0,1,14,0.412,60.0,32.37,2.0,0.0,10.0,10.0,300.0,15.0,60.0,0.0,-15.0,10.0,0.1,50.0,20.01,60.0,1.9,-15.0,1.0,0.1,50.0,60.0,30.0,0.0,-15.0,1.0,10.0,50.0
1,0,0,0.3089,15.0,46.65,1.9,-6.82,1.0,3.27,183.84,30.66,57.33,0.0,-8.34,9.25,2.26,241.5,30.61,45.48,1.65,-14.05,5.61,4.24,51.77,54.05,41.72,0.98,-11.47,9.95,0.1,300.0
1,0,1,0.2951,15.0,60.0,2.0,-2.16,3.71,2.48,300.0,57.19,60.0,0.0,0.0,9.9,5.36,242.03,50.75,56.23,0.96,-10.72,8.78,8.8,181.81,60.0,35.58,1.08,-14.2,7.23,4.12,300.0
1,0,2,0.2797,15.0,43.76,2.0,-3.85,1.0,0.1,300.0,60.0,60.0,0.0,0.0,6.63,3.35,300.0,36.02,60.0,0.86,-9.29,1.59,9.7,160.49,60.0,39.01,1.71,-9.27,10.0,1.51,300.0
1,0,3,0.2757,15.0,37.96,2.0,-4.42,1.0,0.1,104.1,37.55,60.0,0.0,0.0,8.38,0.73,300.0,31.37,60.0,1.64,-2.0,5.2,10.0,124.52,60.0,36.52,2.0,0.0,10.0,4.76,300.0
1,0,4,0.3118,15.0,47.55,2.0,-7.67,1.0,0.1,82.49,40.35,60.0,0.0,-7.74,10.0,0.1,300.0,15.0,60.0,1.52,-1.07,8.31,10.0,167.46,60.0,41.41,0.39,0.0,10.0,7.68,300.0
1,0,5,0.3843,15.0,42.89,2.0,-10.72,1.0,0.1,245.02,24.95,60.0,1.0,-15.0,5.99,0.1,300.0,15.0,56.55,2.0,0.0,7.17,10.0,221.98,60.0,30.0,1.79,0.0,10.0,10.0,300.0
1,0,6,0.4099,15.0,30.0,1.67,-15.0,1.0,0.1,212.02,15.24,60.0,2.0,-15.0,2.44,0.1,300.0,15.0,60.0,1.17,0.0,1.0,10.0,271.07,60.0,30.0,1.31,0.0,8.67,10.0,285.84
1,0,7,0.3793,15.0,31.43,2.0,-15.0,1.0,0.1,300.0,27.22,60.0,2.0,-15.0,3.36,0.1,225.81,15.0,60.0,2.0,0.0,1.0,10.0,300.0,48.8,35.62,1.25,0.0,10.0,10.0,266.96
1,0,8,0.3517,15.0,35.51,2.0,-15.0,1.0,0.1,300.0,31.13,60.0,2.0,-15.0,1.02,0.1,300.0,15.0,60.0,2.0,0.0,1.0,10.0,300.0,47.53,30.0,2.0,0.0,10.0,10.0,207.94
1,0,9,0.3378,15.0,30.0,2.0,-15.0,1.0,0.1,300.0,58.96,60.0,1.92,-15.0,1.0,0.1,300.0,15.0,60.0,2.0,0.0,1.0,10.0,300.0,48.64,30.0,0.99,0.0,10.0,10.0,300.0
1,0,10,0.344,15.0,49.98,2.0,-15.0,2.99,0.1,198.04,48.86,60.0,2.0,-15.0,1.0,0.1,300.0,15.0,60.0,2.0,0.0,3.11,10.0,300.0,60.0,30.0,0.57,0.0,10.0,10.0,300.0
1,0,11,0.4069,15.0,37.72,1.67,-15.0,9.11,0.1,104.64,52.94,60.0,1.22,-15.0,6.05,0.1,300.0,15.0,60.0,2.0,0.0,2.58,10.0,300.0,60.0,30.0,1.74,0.0,10.0,10.0,300.0
1,0,12,0.3992,15.0,60.0,2.0,-15.0,10.0,0.1,137.54,60.0,60.0,2.0,-15.0,4.36,0.1,300.0,15.0,60.0,2.0,0.0,6.2,10.0,300.0,60.0,30.0,2.0,0.0,10.0,10.0,300.0
1,0,13,0.4312,15.0,46.79,1.63,-15.0,10.0,0.1,50.0,60.0,60.0,2.0,-13.94,7.82,0.1,105.91,15.0,60.0,2.0,0.0,1.39,10.0,300.0,60.0,30.0,1.12,0.0,8.5,10.0,300.0
1,0,14,0.4553,15.0,30.0,2.0,-15.0,10.0,0.1,50.0,60.0,60.0,2.0,-14.56,10.0,0.1,132.91,15.0,60.0,2.0,-1.8,3.75,10.0,300.0,60.0,30.06,0.57,0.0,1.0,10.0,300.0
1,1,0,0.3253,21.65,30.0,1.42,-9.67,10.0,0.1,125.94,41.57,39.49,0.92,-5.42,5.66,10.0,239.07,19.76,60.0,1.82,-1.85,3.46,6.9,300.0,60.0,51.5,1.23,-15.0,2.91,9.58,94.91
1,1,1,0.3278,15.0,30.0,0.72,-1.81,10.0,0.1,243.6,60.0,31.11,0.0,0.0,1.0,10.0,237.62,36.18,57.98,2.0,-8.04,4.64,9.51,300.0,38.13,30.0,1.73,-8.72,1.0,7.18,50.0
1,1,2,0.3538,26.49,30.0,1.79,-15.0,10.0,0.1,300.0,58.32,30.0,0.0,0.0,1.0,10.0,169.03,59.75,50.85,2.0,-3.89,6.61,4.23,300.0,52.25,30.0,2.0,-11.27,1.0,8.2,50.0
1,1,3,0.3494,21.49,30.0,1.84,-14.42,10.0,0.1,300.0,30.68,30.0,0.0,0.0,1.0,9.36,223.23,60.0,51.01,2.0,0.0,10.0,1.54,300.0,42.03,42.9,2.0,-15.0,1.0,10.0,50.0
1,1,4,0.334,39.75,30.0,0.0,-15.0,10.0,0.1,300.0,19.63,30.0,0.0,0.0,1.0,8.85,60.31,60.0,60.0,2.0,0.0,10.0,0.1,300.0,53.98,50.35,2.0,-7.79,1.0,10.0,50.0
1,1,5,0.3265,46.86,60.0,0.71,-15.0,10.0,0.1,300.0,15.0,30.07,0.0,0.0,1.0,8.84,123.82,60.0,60.0,2.0,0.0,10.0,0.1,300.0,60.0,60.0,2.0,0.0,10.0,1.53,50.0
1,1,6,0.2796,60.0,60.0,0.0,-13.59,10.0,0.1,300.0,23.32,30.0,0.0,0.0,1.0,5.85,50.0,60.0,60.0,1.98,0.0,10.0,0.1,188.41,60.0,60.0,2.0,0.0,10.0,0.1,50.0
1,1,7,0.3161,44.72,60.0,0.15,-15.0,10.0,0.1,263.01,16.21,30.0,0.0,0.0,1.0,1.13,50.0,50.87,60.0,2.0,0.0,10.0,0.1,300.0,60.0,60.0,2.0,0.0,3.95,1.04,50.0
1,1,8,0.3277,43.85,60.0,0.0,-15.0,10.0,0.1,300.0,15.0,30.0,0.0,0.0,1.0,6.06,114.53,60.0,60.0,2.0,0.0,10.0,2.45,300.0,60.0,54.93,2.0,0.0,9.07,0.1,50.0
1,1,9,0.2798,54.62,60.0,0.9,-15.0,10.0,0.1,300.0,53.92,30.0,0.0,0.0,1.0,7.53,72.98,51.5,60.0,2.0,0.0,10.0,1.51,300.0,60.0,37.39,2.0,0.0,10.0,0.1,50.0
1,1,10,0.3037,60.0,60.0,2.0,-15.0,10.0,0.1,161.62,58.0,30.0,0.38,0.0,1.0,0.1,50.0,60.0,60.0,2.0,0.0,9.66,1.61,300.0,60.0,42.45,2.0,0.0,10.0,0.1,50.0
1,1,11,0.2784,60.0,55.65,2.0,-15.0,10.0,0.1,183.36,55.26,40.4,0.26,0.0,1.0,0.1,117.42,60.0,60.0,2.0,0.0,5.34,0.1,300.0,60.0,60.0,2.0,0.0,10.0,0.1,50.0
1,1,12,0.2718,53.73,60.0,2.0,-15.0,10.0,0.1,286.27,60.0,42.04,1.08,0.0,1.0,4.82,50.0,41.21,60.0,2.0,0.0,1.0,0.1,215.87,47.43,60.0,2.0,0.0,6.77,0.1,50.0
1,1,13,0.2901,56.89,60.0,2.0,-15.0,10.0,0.1,295.53,60.0,34.16,2.0,0.0,1.0,8.54,126.88,60.0,60.0,2.0,0.0,1.0,0.1,226.28,35.03,60.0,2.0,0.0,6.69,0.1,50.0
1,1,14,0.2834,60.0,60.0,2.0,-15.0,10.0,0.1,182.75,60.0,47.01,2.0,0.0,1.0,7.86,130.49,60.0,60.0,2.0,0.0,2.82,0.1,300.0,37.27,37.51,2.0,0.0,6.56,0.1,50.0
2,0,0,0.2251,32.93,45.58,0.65,-9.62,10.0,5.9,125.92,60.0,40.48,0.0,-7.61,9.16,10.0,300.0,56.41,44.51,0.0,-13.55,1.0,10.0,50.0,29.23,41.66,0.0,-14.73,1.0,2.07,50.0
2,0,1,0.3005,23.5,45.25,0.53,-15.0,2.63,10.0,207.15,60.0,30.0,0.25,-14.07,10.0,10.0,164.86,27.54,48.14,0.0,-8.58,5.23,10.0,50.0,38.59,42.78,0.26,-12.41,1.0,0.1,50.0
2,0,2,0.356,30.39,30.0,0.0,-15.0,1.83,10.0,300.0,60.0,30.0,0.29,-13.69,10.0,10.0,233.85,18.08,46.36,0.0,-4.07,10.0,2.29,167.01,15.0,51.47,0.16,-15.0,1.0,1.72,50.0
2,0,3,0.3886,22.18,30.0,0.0,-8.32,4.0,5.91,300.0,60.0,30.0,0.0,-15.0,10.0,10.0,162.54,21.75,30.0,0.3,-7.45,6.8,3.01,50.0,15.0,60.0,0.0,-15.0,1.0,10.0,50.0
2,0,4,0.3539,15.0,30.0,0.0,0.0,2.82,3.17,122.95,60.0,30.0,0.0,-15.0,10.0,10.0,253.41,35.27,42.97,0.0,-12.54,10.0,1.11,50.0,15.0,60.0,0.0,-15.0,1.0,10.0,50.0
2,0,5,0.3845,26.57,30.0,0.73,0.0,1.0,10.0,50.0,60.0,30.0,1.21,-14.53,10.0,10.0,149.82,54.27,30.0,0.0,-15.0,10.0,2.06,196.83,15.0,60.0,0.0,-15.0,1.0,10.0,50.0
2,0,6,0.3533,23.42,30.0,0.0,0.0,1.0,10.0,171.14,60.0,30.0,0.01,-12.47,10.0,10.0,180.94,60.0,30.0,0.0,-15.0,10.0,5.28,149.86,15.0,60.0,0.0,-15.0,1.0,10.0,50.0
2,0,7,0.3271,53.28,30.0,0.0,0.0,1.82,10.0,187.39,60.0,33.39,0.63,-15.0,8.49,10.0,225.61,33.7,30.0,0.0,-15.0,10.0,5.42,50.0,59.71,54.97,0.0,-13.88,1.0,10.0,50.0
2,0,8,0.3429,60.0,30.0,0.0,0.0,9.26,10.0,119.57,60.0,35.71,0.89,-14.04,4.42,5.2,80.61,60.0,30.0,0.0,-15.0,10.0,1.56,50.0,60.0,60.0,1.01,-15.0,1.0,10.0,50.0
2,0,9,0.3235,60.0,30.0,0.0,0.0,9.1,10.0,88.22,60.0,37.85,0.0,-15.0,6.83,4.55,50.0,60.0,30.0,0.0,-15.0,8.27,4.16,50.0,60.0,35.14,0.36,-10.02,2.49,10.0,50.0
2,0,10,0.4203,60.0,30.0,0.0,0.0,8.84,10.0,221.55,60.0,30.0,1.73,-15.0,9.35,1.55,50.0,60.0,30.0,0.0,-15.0,7.45,8.56,50.0,60.0,35.73,0.45,-4.87,5.37,10.0,50.0
2,0,11,0.3984,60.0,30.0,2.0,0.0,10.0,10.0,270.13,60.0,33.16,0.84,-15.0,5.9,0.1,53.32,60.0,30.0,0.0,-15.0,10.0,10.0,50.0,60.0,52.71,0.59,-7.04,7.05,10.0,50.0
2,0,12,0.3176,60.0,30.0,1.91,-0.89,10.0,10.0,298.81,60.0,34.1,0.0,-15.0,3.37,1.92,190.83,60.0,30.0,0.0,-15.0,10.0,0.73,50.0,60.0,60.0,0.0,-15.0,10.0,10.0,50.0
2,0,13,0.3129,60.0,30.0,0.83,0.0,10.0,10.0,212.01,60.0,30.0,0.0,-15.0,1.0,0.1,300.0,60.0,30.0,0.0,-15.0,10.0,0.1,50.0,60.0,60.0,0.0,-15.0,10.0,10.0,50.0
2,0,14,0.3144,60.0,30.0,0.63,0.0,10.0,10.0,300.0,60.0,30.0,0.0,-15.0,1.0,1.24,228.71,60.0,30.0,0.0,-15.0,10.0,0.1,50.0,60.0,60.0,0.0,-15.0,10.0,10.0,50.0
2,1,0,0.264,38.52,60.0,1.95,-7.93,6.79,5.82,300.0,44.98,60.0,1.19,-2.15,4.98,2.69,127.55,22.12,30.0,0.02,-12.41,1.43,2.54,211.7,38.46,60.0,0.23,-10.0,10.0,7.42,50.0
2,1,1,0.287,60.0,58.73,1.6,-5.24,3.02,0.1,300.0,37.07,60.0,1.06,0.0,10.0,0.1,50.0,15.0,30.0,0.26,-14.86,1.0,10.0,228.96,55.57,35.76,0.0,-14.92,10.0,8.8,50.0
2,1,2,0.2443,58.03,46.58,1.15,-2.28,1.73,0.1,300.0,26.32,60.0,0.64,0.0,2.86,0.1,241.56,31.4,30.0,0.0,-15.0,1.0,10.0,270.23,60.0,56.06,0.0,-15.0,7.76,10.0,85.87
2,1,3,0.2733,60.0,58.34,0.66,-8.35,1.0,0.1,300.0,27.75,60.0,0.51,0.0,6.29,0.1,236.78,15.0,30.0,0.0,-15.0,1.0,8.44,185.76,60.0,60.0,0.0,-15.0,5.77,10.0,277.83
2,1,4,0.3312,60.0,49.71,0.0,-1.94,1.0,0.1,300.0,15.0,60.0,1.01,0.0,9.05,0.1,183.61,15.0,30.0,0.0,-9.52,1.0,10.0,217.1,60.0,60.0,0.0,-15.0,5.97,9.48,181.62
2,1,5,0.3416,58.36,60.0,0.29,-5.82,1.0,0.1,300.0,15.0,49.3,1.5,0.0,10.0,0.1,199.27,15.0,30.0,0.0,-2.63,1.0,6.68,256.25,58.68,60.0,0.0,-15.0,4.52,10.0,241.87
2,1,6,0.3309,55.97,60.0,1.1,-3.01,1.0,0.1,300.0,15.0,49.56,2.0,0.0,10.0,0.1,300.0,15.0,30.0,0.0,-15.0,1.0,2.16,171.07,60.0,60.0,0.0,-15.0,1.0,10.0,171.26
2,1,7,0.3002,42.4,60.0,0.15,0.0,1.0,0.1,300.0,15.0,60.0,2.0,0.0,10.0,0.1,300.0,28.54,30.0,0.0,-15.0,1.0,0.95,50.0,60.0,50.81,0.0,-15.0,9.32,10.0,50.0
2,1,8,0.2959,60.0,60.0,0.2,0.0,1.0,0.1,300.0,15.38,49.76,1.73,-0.34,10.0,0.1,300.0,39.58,30.0,0.0,-11.49,1.0,0.1,69.93,60.0,39.74,0.0,-15.0,5.91,10.0,50.0
2,1,9,0.2623,60.0,60.0,1.09,0.0,1.0,0.1,300.0,36.64,53.59,2.0,-6.14,10.0,0.1,300.0,27.18,30.0,0.51,-15.0,1.0,0.1,130.86,60.0,50.79,0.0,-15.0,5.35,10.0,50.0
2,1,10,0.3145,60.0,60.0,1.14,0.0,1.0,0.1,300.0,44.94,58.48,2.0,-15.0,10.0,0.1,300.0,15.0,30.0,0.88,-15.0,1.0,0.1,50.0,60.0,51.33,0.0,-15.0,7.28,10.0,50.0
2,1,11,0.3169,60.0,60.0,2.0,0.0,1.0,0.1,300.0,41.98,60.0,2.0,-15.0,10.0,0.1,300.0,15.67,30.0,0.0,-15.0,1.0,0.1,130.47,60.0,60.0,0.0,-15.0,8.53,10.0,50.0
2,1,12,0.3402,60.0,60.0,2.0,0.0,1.0,0.1,300.0,25.93,60.0,2.0,-15.0,10.0,0.1,300.0,15.0,30.0,1.14,-15.0,1.0,0.1,298.74,60.0,60.0,0.0,-15.0,7.19,10.0,50.0
2,1,13,0.3156,60.0,60.0,2.0,0.0,1.0,0.1,300.0,60.0,60.0,2.0,-15.0,10.0,0.1,300.0,15.0,30.0,2.0,-15.0,1.0,0.1,300.0,60.0,60.0,0.0,-15.0,4.26,10.0,50.0
2,1,14,0.2955,60.0,60.0,2.0,0.0,1.0,0.1,300.0,51.66,60.0,2.0,-15.0,10.0,0.1,300.0,24.8,30.0,2.0,-15.0,1.0,0.1,300.0,60.0,60.0,0.0,-15.0,7.51,10.0,103.0
3,0,0,0.3462,37.45,48.31,0.48,-13.31,8.48,8.33,133.62,35.75,50.14,0.44,-1.09,8.68,0.1,271.2,15.0,30.0,2.0,-11.17,7.03,4.77,300.0,60.0,34.36,1.77,-15.0,3.07,1.07,253.39
3,0,1,0.3272,32.14,55.37,0.86,-15.0,10.0,10.0,300.0,32.75,38.62,0.0,-7.23,5.23,4.15,289.02,15.0,33.2,2.0,-9.06,5.32,4.04,218.68,60.0,30.0,0.0,-9.8,1.0,1.21,159.83
3,0,2,0.3743,15.0,60.0,0.17,-5.99,9.36,10.0,300.0,53.17,33.69,0.0,-7.86,3.78,10.0,300.0,15.0,30.0,2.0,-6.5,10.0,0.1,277.21,26.05,30.0,1.18,-4.41,1.0,6.85,98.02
3,0,3,0.3351,15.0,60.0,0.0,0.0,10.0,10.0,182.33,59.49,33.65,0.26,-11.55,1.05,10.0,300.0,31.32,32.9,2.0,-15.0,5.82,0.1,121.63,24.41,30.0,1.68,0.0,1.0,6.93,50.0
3,0,4,0.3674,15.0,60.0,0.0,0.0,10.0,10.0,300.0,60.0,30.0,0.0,-9.09,7.16,4.95,300.0,15.0,35.27,2.0,-15.0,1.0,0.1,300.0,33.9,30.0,2.0,0.0,1.0,5.81,50.0
3,0,5,0.3712,15.0,60.0,0.0,0.0,10.0,10.0,109.0,60.0,30.0,0.0,0.0,6.01,5.52,300.0,18.78,30.0,2.0,-15.0,10.0,0.1,300.0,60.0,30.0,2.0,0.0,1.0,4.71,50.0
3,0,6,0.3737,15.0,60.0,0.0,0.0,10.0,10.0,90.78,58.42,30.0,0.0,0.0,3.23,0.31,300.0,15.0,30.0,2.0,-15.0,1.0,0.1,278.8,38.34,30.0,2.0,0.0,1.0,5.01,50.0
3,0,7,0.3656,15.0,60.0,0.0,0.0,10.0,10.0,50.0,50.17,30.0,0.0,0.0,3.19,2.38,300.0,15.0,34.05,2.0,-15.0,1.0,0.1,211.02,31.38,30.0,2.0,0.0,1.0,7.67,50.0
3,0,8,0.3371,15.0,60.0,0.0,0.0,10.0,10.0,164.39,51.78,30.0,0.0,-5.66,3.35,6.17,300.0,25.93,40.06,2.0,-15.0,1.0,0.1,237.93,15.0,40.11,1.9,0.0,1.0,9.47,50.0
3,0,9,0.3931,15.0,60.0,0.0,0.0,10.0,10.0,67.5,60.0,30.0,0.0,-15.0,3.28,5.2,300.0,15.59,30.0,2.0,-15.0,1.0,0.1,226.16,15.0,57.55,1.75,0.0,1.0,0.71,118.33
3,0,10,0.3822,15.0,60.0,0.0,0.0,10.0,10.0,146.0,60.0,30.0,0.0,-15.0,7.25,4.31,271.62,30.79,30.0,2.0,-15.0,1.0,0.1,69.58,15.0,46.22,2.0,0.0,1.0,0.1,169.17
3,0,11,0.3494,15.0,60.0,0.0,0.0,10.0,10.0,82.58,60.0,30.0,0.0,-15.0,7.95,9.34,300.0,43.15,32.76,2.0,-15.0,1.0,0.1,230.6,16.08,48.03,2.0,0.0,1.0,1.96,300.0
3,0,12,0.3421,15.0,60.0,0.0,0.0,10.0,10.0,57.05,58.22,30.0,0.0,-15.0,9.94,10.0,231.07,60.0,59.92,2.0,-15.0,1.0,0.1,264.52,15.0,60.0,2.0,0.0,1.0,7.8,300.0
3,0,13,0.3419,15.0,60.0,0.0,0.0,10.0,10.0,115.92,58.54,30.0,0.0,-15.0,10.0,10.0,300.0,60.0,60.0,2.0,-15.0,1.0,0.1,214.47,15.0,50.66,2.0,-2.17,1.0,5.63,300.0
3,0,14,0.3644,15.0,60.0,0.0,0.0,10.0,10.0,149.36,15.0,58.8,0.0,-15.0,8.99,7.55,300.0,58.9,60.0,2.0,-15.0,1.0,0.1,278.48,15.0,58.14,2.0,-12.72,1.0,9.73,300.0
3,1,0,0.2708,52.8,60.0,2.0,-11.74,1.0,0.1,90.3,41.55,52.34,0.0,-6.79,3.84,7.3,158.41,29.31,30.0,0.87,-1.33,1.0,10.0,112.42,46.7,53.99,1.79,-8.33,5.57,6.15,82.06
3,1,1,0.3084,46.74,52.65,2.0,-11.13,1.0,0.1,50.0,29.27,60.0,0.0,-10.35,4.01,7.45,69.28,18.78,30.0,0.73,-1.38,1.0,10.0,262.16,46.03,60.0,2.0,-14.21,8.62,4.72,130.85
3,1,2,0.3196,22.55,55.41,2.0,-15.0,4.54,0.1,68.32,60.0,60.0,0.34,0.0,1.12,10.0,105.65,24.7,30.0,0.25,0.0,3.06,10.0,268.65,60.0,60.0,1.57,-10.61,7.57,0.21,250.46
3,1,3,0.3398,15.0,47.29,2.0,-15.0,4.99,0.1,141.43,59.63,60.0,0.08,0.0,3.63,10.0,50.0,29.36,30.0,0.81,0.0,8.74,10.0,300.0,60.0,60.0,1.52,-9.75,6.67,0.1,167.21
3,1,4,0.3498,15.0,50.39,2.0,-15.0,1.48,0.92,225.39,60.0,60.0,1.9,0.0,5.46,10.0,50.0,18.41,30.0,1.28,0.0,3.59,10.0,293.49,60.0,60.0,1.86,-9.88,5.99,0.1,116.95
3,1,5,0.2606,29.78,43.65,2.0,-15.0,1.0,5.58,130.87,60.0,60.0,1.15,0.0,3.35,10.0,50.0,30.64,30.0,0.67,0.0,1.0,10.0,138.55,60.0,60.0,0.65,-6.22,5.53,0.87,196.55
3,1,6,0.2728,36.78,39.23,2.0,-15.0,1.0,10.0,214.17,60.0,60.0,1.0,0.0,1.0,10.0,50.0,15.0,30.0,0.09,0.0,1.0,10.0,106.04,44.26,60.0,0.0,-6.71,5.81,0.1,249.23
3,1,7,0.2687,33.58,59.18,2.0,-15.0,1.0,10.0,219.99,60.0,60.0,2.0,-10.49,1.0,10.0,79.55,15.0,35.59,1.35,0.0,1.0,10.0,292.01,59.16,60.0,0.66,0.0,10.0,0.1,282.62
3,1,8,0.2768,51.78,53.88,2.0,-15.0,1.0,10.0,248.93,60.0,48.04,2.0,-11.72,1.0,10.0,50.0,15.0,30.0,2.0,0.0,1.0,10.0,300.0,58.93,60.0,0.0,-3.31,10.0,0.1,300.0
3,1,9,0.3011,48.07,42.91,2.0,-15.0,8.13,10.0,300.0,60.0,59.0,2.0,-2.18,1.0,10.0,190.48,15.0,30.0,2.0,0.0,1.0,10.0,300.0,60.0,60.0,0.0,-7.45,10.0,0.1,300.0
3,1,10,0.2944,44.93,54.05,2.0,-15.0,3.65,9.55,300.0,60.0,58.09,2.0,-1.18,1.0,10.0,104.06,15.0,30.0,2.0,0.0,1.0,10.0,300.0,60.0,60.0,0.0,-7.51,10.0,0.1,300.0
3,1,11,0.3383,22.46,60.0,2.0,-15.0,6.77,10.0,300.0,60.0,58.81,2.0,0.0,1.0,10.0,50.0,15.0,30.0,2.0,0.0,1.0,10.0,300.0,60.0,57.43,0.09,-14.75,8.15,0.1,300.0
3,1,12,0.3208,27.47,60.0,2.0,-15.0,9.54,10.0,300.0,60.0,41.75,2.0,-0.01,1.0,10.0,50.0,15.0,30.0,2.0,0.0,1.0,10.0,300.0,60.0,53.38,0.0,-10.29,3.48,0.1,300.0
3,1,13,0.3445,15.0,60.0,2.0,-13.26,10.0,9.55,300.0,60.0,55.58,2.0,-10.69,1.0,10.0,50.0,15.0,30.0,2.0,0.0,1.0,10.0,300.0,60.0,43.93,0.0,-6.54,1.0,0.1,300.0
3,1,14,0.3581,15.0,52.81,2.0,-13.49,10.0,8.0,300.0,60.0,37.79,2.0,-15.0,1.0,10.0,271.18,15.0,30.0,2.0,0.0,1.0,10.0,217.06,60.0,40.07,0.0,-4.09,1.0,0.1,300.0
4,0,0,0.2428,43.42,60.0,1.26,-15.0,2.72,7.23,281.0,45.51,60.0,2.0,0.0,4.57,9.08,284.78,24.55,44.76,0.83,-0.77,1.0,7.81,277.34,59.3,60.0,0.66,-0.43,1.0,10.0,119.02
4,0,1,0.2481,60.0,50.17,0.63,-15.0,1.56,10.0,300.0,60.0,45.2,2.0,0.0,1.0,10.0,291.31,15.0,60.0,0.09,-8.03,1.0,7.1,250.51,42.39,60.0,0.0,-3.43,1.0,10.0,300.0
4,0,2,0.2836,60.0,59.45,0.0,-15.0,1.22,10.0,300.0,60.0,30.51,2.0,0.0,1.0,10.0,300.0,15.0,44.2,0.41,-1.16,3.89,8.02,69.45,42.36,44.39,0.57,-2.97,1.0,10.0,300.0
4,0,3,0.2446,60.0,58.45,0.0,-15.0,1.0,10.0,300.0,46.76,30.0,1.66,-0.18,1.37,10.0,300.0,38.49,43.54,0.25,-2.48,5.85,10.0,50.0,25.83,60.0,0.0,-1.28,1.0,10.0,300.0
4,0,4,0.2643,60.0,41.7,0.0,-15.0,1.0,9.45,300.0,45.22,30.0,0.1,0.0,9.85,10.0,259.59,15.0,44.37,0.04,0.0,7.99,2.2,50.0,50.31,60.0,0.14,0.0,1.0,10.0,300.0
4,0,5,0.2585,60.0,46.0,0.0,-12.15,1.0,1.53,300.0,52.0,30.47,0.0,0.0,10.0,10.0,173.44,20.92,51.0,0.0,0.0,3.0,0.1,50.0,26.82,60.0,1.54,0.0,1.99,10.0,300.0
4,0,6,0.2549,60.0,55.71,0.0,-15.0,1.0,4.8,300.0,39.17,40.77,0.0,0.0,10.0,10.0,205.04,15.0,60.0,0.89,0.0,4.02,0.1,89.72,29.1,60.0,1.16,0.0,1.0,10.0,300.0
4,0,7,0.2796,60.0,52.33,0.0,-15.0,1.0,9.41,300.0,52.51,59.4,0.0,0.0,10.0,10.0,300.0,15.0,60.0,0.89,0.0,4.27,0.1,50.0,16.86,60.0,2.0,0.0,1.0,10.0,300.0
4,0,8,0.2535,60.0,56.4,0.0,-15.0,1.0,10.0,300.0,60.0,42.2,0.0,0.0,8.63,10.0,300.0,15.0,60.0,0.0,0.0,2.63,0.1,76.44,19.31,60.0,0.58,-3.26,1.0,10.0,300.0
4,0,9,0.2895,60.0,56.81,0.0,-7.52,1.0,10.0,300.0,60.0,31.54,0.81,0.0,5.81,10.0,300.0,15.0,60.0,0.0,0.0,3.36,0.1,77.33,16.59,60.0,0.39,0.0,8.02,10.0,300.0
4,0,10,0.2186,60.0,43.38,0.0,-9.47,1.0,10.0,300.0,60.0,30.0,0.01,0.0,9.38,10.0,300.0,49.53,60.0,0.0,0.0,1.0,0.1,143.33,34.06,60.0,0.0,0.0,10.0,10.0,300.0
4,0,11,0.2488,32.81,56.78,0.0,-7.07,1.0,10.0,300.0,60.0,30.0,0.0,0.0,10.0,10.0,300.0,44.91,60.0,0.0,0.0,1.0,1.39,300.0,15.0,60.0,0.0,0.0,10.0,10.0,300.0
4,0,12,0.2274,31.25,60.0,0.0,-1.26,1.0,10.0,300.0,60.0,30.0,0.0,0.0,10.0,10.0,300.0,60.0,50.32,0.0,0.0,1.0,8.64,268.28,20.59,60.0,0.0,0.0,10.0,10.0,300.0
4,0,13,0.2193,60.0,60.0,0.0,-9.82,1.0,10.0,300.0,60.0,30.0,0.51,0.0,10.0,10.0,300.0,60.0,51.53,0.0,0.0,8.16,7.01,300.0,36.81,60.0,0.0,0.0,10.0,10.0,300.0
4,0,14,0.2192,60.0,60.0,0.0,-15.0,1.0,10.0,300.0,60.0,30.0,0.15,0.0,10.0,10.0,300.0,60.0,60.0,0.0,0.0,1.0,0.1,300.0,49.03,60.0,0.0,-9.61,10.0,10.0,300.0
4,1,0,0.2822,51.94,52.34,0.0,-0.18,1.03,0.1,121.85,37.39,37.18,2.0,-15.0,10.0,10.0,258.5,41.17,50.83,2.0,-15.0,5.74,3.41,300.0,36.65,57.45,0.13,-5.19,6.4,0.1,300.0
4,1,1,0.408,33.69,60.0,0.0,-2.13,7.64,0.1,164.21,15.0,33.6,1.32,-15.0,8.87,3.09,179.33,41.39,35.62,1.78,-15.0,9.6,7.36,300.0,15.73,60.0,0.37,0.0,3.95,0.87,300.0
4,1,2,0.3002,60.0,60.0,0.0,-6.12,1.0,0.1,266.75,15.0,37.25,1.12,-15.0,1.0,8.49,297.9,49.62,38.55,1.85,-15.0,10.0,10.0,300.0,25.56,60.0,0.21,0.0,8.43,6.29,300.0
4,1,3,0.2973,60.0,60.0,0.0,-7.09,1.0,0.1,190.88,15.0,30.0,0.0,-15.0,1.0,10.0,300.0,49.8,49.33,2.0,-15.0,10.0,10.0,300.0,48.82,60.0,0.81,0.0,10.0,5.63,300.0
4,1,4,0.2949,60.0,60.0,0.0,-12.3,1.0,0.1,184.78,15.0,30.0,0.0,-10.73,1.0,3.89,300.0,42.67,48.12,2.0,-15.0,10.0,0.79,181.13,54.54,60.0,0.0,0.0,10.0,10.0,300.0
4,1,5,0.3228,60.0,60.0,0.0,-4.9,1.0,0.1,299.22,15.0,30.0,1.52,-7.78,1.0,1.0,300.0,29.4,44.75,2.0,-15.0,10.0,0.1,276.88,48.54,45.16,0.0,0.0,10.0,10.0,300.0
4,1,6,0.3339,60.0,34.8,0.0,0.0,3.27,1.11,173.23,15.0,30.0,0.09,-1.13,1.0,0.41,300.0,43.26,60.0,2.0,-15.0,10.0,0.1,300.0,60.0,30.35,0.09,0.0,10.0,6.58,300.0
4,1,7,0.3179,60.0,55.3,0.0,0.0,2.27,1.81,100.22,15.0,30.0,1.04,-0.69,1.0,5.6,300.0,47.66,60.0,2.0,-15.0,10.0,0.1,300.0,49.12,38.38,1.04,0.0,10.0,0.1,300.0
4,1,8,0.3206,60.0,60.0,0.0,0.0,1.46,1.88,300.0,15.0,30.0,0.0,-6.98,1.0,1.78,300.0,55.32,60.0,2.0,-15.0,10.0,0.1,300.0,47.37,31.39,0.95,0.0,10.0,2.05,300.0
4,1,9,0.2923,60.0,60.0,0.0,0.0,1.0,0.1,300.0,15.0,30.0,0.0,-15.0,1.0,0.1,290.17,60.0,60.0,2.0,-15.0,10.0,0.1,260.47,42.19,60.0,0.58,0.0,10.0,0.1,300.0
4,1,10,0.2916,60.0,55.29,0.0,-6.1,1.0,0.1,300.0,15.0,30.0,0.0,-8.88,1.0,0.1,300.0,60.0,60.0,2.0,-15.0,10.0,0.1,300.0,42.25,60.0,0.8,0.0,10.0,0.1,300.0
4,1,11,0.3271,60.0,59.01,0.0,-6.54,2.55,5.17,300.0,15.0,30.0,0.0,0.0,1.0,0.1,300.0,60.0,60.0,2.0,-15.0,10.0,0.1,300.0,16.74,60.0,0.0,0.0,10.0,0.1,300.0
4,1,12,0.3237,60.0,60.0,0.0,0.0,1.0,6.32,300.0,15.0,30.0,0.0,-15.0,1.0,0.1,300.0,60.0,60.0,2.0,-15.0,10.0,0.1,300.0,16.52,60.0,0.06,0.0,10.0,0.1,300.0
4,1,13,0.3017,60.0,60.0,0.0,0.0,1.0,5.87,300.0,15.0,30.0,0.0,-11.71,1.0,0.1,275.25,30.69,60.0,2.0,-15.0,10.0,0.1,300.0,35.22,60.0,0.0,0.0,10.0,0.1,300.0
4,1,14,0.3372,60.0,60.0,0.0,0.0,1.0,0.1,300.0,15.0,30.0,0.0,-13.4,1.0,0.1,300.0,15.0,60.0,2.0,-15.0,10.0,0.1,300.0,48.75,60.0,0.0,0.0,10.0,0.1,300.0
5,0,0,0.3343,17.3,40.94,1.85,-5.58,1.0,10.0,106.54,24.91,46.74,0.76,-12.03,3.66,0.91,92.37,48.65,39.6,1.72,-2.48,5.84,1.71,79.32,51.02,30.0,0.26,-11.71,1.0,4.73,164.34
5,0,1,0.3179,56.08,40.08,0.94,0.0,1.0,0.1,50.0,60.0,57.51,0.7,-15.0,5.23,5.13,168.78,15.0,37.81,2.0,0.0,1.0,9.85,300.0,51.12,30.0,0.0,-8.16,1.0,3.93,145.4
5,0,2,0.2734,60.0,60.0,0.94,0.0,1.0,0.1,69.13,45.36,60.0,1.28,-7.04,10.0,8.14,76.08,15.0,58.83,2.0,0.0,1.0,10.0,300.0,35.65,36.75,0.0,-2.51,1.0,7.8,50.0
5,0,3,0.216,49.51,60.0,1.09,0.0,1.0,0.1,179.11,60.0,52.8,0.0,-4.75,5.59,10.0,233.86,15.0,60.0,2.0,-15.0,1.0,10.0,216.55,56.43,60.0,0.0,-0.68,1.0,9.54,108.13
5,0,4,0.2648,25.08,60.0,1.24,0.0,1.85,0.1,157.61,33.41,49.15,0.0,-14.84,4.33,10.0,132.64,31.04,60.0,1.73,-15.0,1.0,10.0,243.37,18.44,60.0,0.0,-4.22,1.0,4.74,127.47
5,0,5,0.2532,48.13,60.0,2.0,0.0,1.66,0.13,300.0,26.17,60.0,0.0,-10.84,2.81,10.0,300.0,48.43,60.0,0.53,-15.0,1.0,10.0,300.0,15.0,60.0,0.0,-2.86,1.0,9.66,155.39
5,0,6,0.2155,54.51,60.0,2.0,-0.48,1.0,0.1,300.0,37.17,60.0,0.0,0.0,1.0,10.0,300.0,60.0,60.0,0.08,-15.0,1.0,10.0,300.0,15.0,60.0,0.0,0.0,1.0,10.0,82.47
5,0,7,0.2961,41.46,60.0,2.0,0.0,1.0,0.1,300.0,15.0,60.0,0.18,0.0,1.0,10.0,300.0,60.0,60.0,0.93,-15.0,1.0,10.0,300.0,15.0,60.0,0.0,0.0,1.0,10.0,50.0
5,0,8,0.294,47.08,60.0,2.0,0.0,2.87,0.1,300.0,15.0,60.0,0.45,0.0,1.0,10.0,300.0,60.0,60.0,0.25,-15.0,1.0,10.0,203.44,15.0,60.0,0.0,0.0,1.0,10.0,50.0
5,0,9,0.3131,32.69,60.0,2.0,-1.32,5.49,0.1,300.0,15.0,60.0,1.07,0.0,1.0,10.0,300.0,34.58,60.0,1.25,-10.92,1.0,10.0,59.84,15.0,60.0,0.0,0.0,1.0,6.88,50.0
5,0,10,0.3675,60.0,60.0,2.0,-13.48,7.7,0.1,300.0,15.0,60.0,1.19,0.0,1.0,10.0,287.96,15.0,60.0,1.86,-2.61,1.0,10.0,205.33,15.0,60.0,0.0,0.0,1.0,6.09,50.0
5,0,11,0.3455,60.0,60.0,2.0,-15.0,6.47,0.1,300.0,15.0,60.0,1.73,0.0,1.0,10.0,300.0,32.56,60.0,0.22,0.0,1.0,6.54,300.0,15.0,60.0,0.64,0.0,1.0,0.4,50.0
5,0,12,0.3494,60.0,60.0,2.0,-13.35,1.1,0.1,295.98,15.0,60.0,2.0,0.0,1.0,10.0,212.31,15.0,60.0,1.77,0.0,1.0,0.1,264.51,15.0,60.0,0.68,0.0,1.0,1.12,50.0
5,0,13,0.3737,60.0,60.0,2.0,-9.53,8.28,0.1,300.0,15.0,60.0,1.87,0.0,1.0,10.0,54.37,15.0,60.0,2.0,0.0,1.0,1.29,228.32,15.0,60.0,1.34,0.0,1.0,7.29,50.0
5,0,14,0.3645,60.0,60.0,2.0,-10.6,5.83,0.1,300.0,15.0,60.0,1.18,0.0,1.0,10.0,50.0,15.0,60.0,2.0,0.0,1.0,0.45,151.44,15.0,60.0,0.62,0.0,1.0,10.0,50.0
5,1,0,0.2877,27.64,31.38,0.27,-13.84,4.02,10.0,122.78,27.29,44.0,0.06,-3.37,8.97,5.34,196.18,37.49,30.88,1.01,-5.32,7.13,2.29,173.36,51.06,60.0,0.79,-6.58,1.0,10.0,193.6
5,1,1,0.2645,21.98,35.95,0.46,-9.44,4.41,8.3,50.0,38.27,59.05,0.0,-4.54,3.49,5.05,300.0,42.1,41.54,0.82,-3.31,10.0,0.1,190.42,56.73,60.0,2.0,-8.71,2.54,9.62,264.29
5,1,2,0.3267,15.0,37.24,1.87,-15.0,5.76,6.43,50.0,26.69,60.0,0.0,0.0,9.12,6.94,200.09,44.1,60.0,1.08,-6.75,10.0,0.1,50.0,60.0,60.0,2.0,0.0,1.8,10.0,260.96
5,1,3,0.284,38.34,30.63,2.0,-15.0,3.68,0.1,50.0,29.3,60.0,0.0,-0.41,10.0,6.03,199.07,60.0,60.0,1.25,-5.52,10.0,0.1,50.0,60.0,60.0,0.47,0.0,1.0,10.0,284.15
5,1,4,0.3634,60.0,30.0,2.0,-15.0,10.0,5.41,158.62,23.57,60.0,0.0,-2.6,10.0,8.54,227.0,15.0,60.0,2.0,-14.88,10.0,0.1,50.0,60.0,60.0,1.99,-1.96,1.0,10.0,136.32
5,1,5,0.3676,56.06,32.53,0.72,-15.0,10.0,10.0,247.07,15.0,60.0,0.0,-7.09,10.0,4.24,164.19,15.0,60.0,2.0,-15.0,10.0,0.1,50.0,60.0,60.0,1.18,0.0,5.5,10.0,171.89
5,1,6,0.3462,52.53,42.37,0.53,-15.0,7.27,5.17,189.38,15.0,60.0,0.0,0.0,10.0,0.1,139.71,15.0,60.0,2.0,-15.0,10.0,0.1,50.0,60.0,60.0,0.0,0.0,7.46,10.0,50.0
5,1,7,0.348,24.64,40.07,1.6,-6.93,8.64,9.42,205.07,15.0,60.0,0.0,0.0,10.0,1.61,233.14,15.0,60.0,2.0,-15.0,10.0,0.1,50.0,60.0,60.0,0.0,-2.0,6.16,10.0,50.0
5,1,8,0.2673,41.68,55.23,2.0,-4.67,4.4,4.97,257.91,34.97,60.0,0.0,0.0,10.0,4.78,214.35,15.0,51.6,2.0,-15.0,10.0,2.66,50.0,60.0,60.0,0.0,-6.67,3.52,10.0,50.0
5,1,9,0.2759,60.0,37.2,1.4,0.0,7.34,6.76,269.47,43.18,60.0,0.0,0.0,10.0,1.09,300.0,15.0,54.18,2.0,-15.0,10.0,0.1,53.65,60.0,53.7,0.0,-15.0,4.06,10.0,50.0
5,1,10,0.2404,60.0,30.0,0.0,-3.9,2.6,10.0,291.95,60.0,47.14,0.0,0.0,10.0,4.88,300.0,32.8,47.84,2.0,-15.0,10.0,0.12,226.39,60.0,48.06,0.0,-15.0,8.77,10.0,50.0
5,1,11,0.216,60.0,30.0,0.0,-10.44,1.65,10.0,300.0,60.0,48.54,0.0,0.0,10.0,5.32,300.0,47.67,60.0,0.65,-15.0,1.49,6.56,125.31,60.0,60.0,0.0,-15.0,3.99,10.0,50.0
5,1,12,0.2317,60.0,30.0,0.0,-15.0,3.22,10.0,300.0,60.0,46.75,0.0,0.0,10.0,0.1,300.0,60.0,58.48,1.25,-15.0,1.0,8.35,185.91,60.0,52.96,0.0,-15.0,5.98,10.0,50.0
5,1,13,0.2416,60.0,30.0,0.48,-15.0,5.35,10.0,300.0,60.0,53.04,0.0,0.0,10.0,0.1,300.0,60.0,60.0,0.52,-15.0,1.67,4.83,242.16,60.0,51.7,0.0,-15.0,6.83,10.0,50.0
5,1,14,0.2235,60.0,30.0,0.73,-13.13,2.06,10.0,300.0,60.0,51.04,0.0,0.0,10.0,0.1,300.0,60.0,60.0,0.5,-15.0,1.0,7.1,137.7,60.0,43.63,0.01,-15.0,2.33,10.0,50.0
6,0,0,0.3231,54.65,51.2,1.33,-15.0,5.83,6.84,300.0,25.24,52.76,1.04,-12.32,1.24,0.1,300.0,44.21,55.81,0.57,-15.0,1.0,10.0,250.37,15.0,38.9,0.57,-14.34,6.6,5.69,182.12
6,0,1,0.3268,60.0,51.54,0.0,-15.0,5.91,10.0,300.0,46.34,60.0,0.37,-9.31,6.11,0.1,300.0,24.01,53.36,0.0,-15.0,5.84,8.18,300.0,15.0,30.0,2.0,-4.79,2.08,10.0,173.36
6,0,2,0.2729,60.0,60.0,0.0,-15.0,1.09,3.56,300.0,48.95,46.92,0.11,-6.48,1.18,0.1,300.0,49.79,53.44,0.0,-15.0,6.43,4.39,300.0,15.0,30.0,2.0,-11.55,1.0,2.68,272.42
6,0,3,0.324,24.42,60.0,0.0,-15.0,6.0,9.15,300.0,22.59,60.0,0.14,-11.65,1.0,0.1,300.0,42.59,60.0,0.0,-15.0,6.81,3.39,300.0,15.0,30.0,2.0,-14.0,1.0,0.1,300.0
6,0,4,0.3269,15.0,60.0,0.0,-15.0,6.28,5.68,300.0,36.07,60.0,0.0,-1.31,1.0,0.1,300.0,60.0,60.0,0.0,-10.84,4.17,0.1,300.0,15.0,30.0,0.92,-8.15,2.7,0.1,300.0
6,0,5,0.2998,15.0,60.0,0.0,-15.0,7.88,5.49,300.0,47.88,60.0,0.0,-11.17,1.0,0.1,300.0,44.33,60.0,0.0,-5.32,10.0,0.1,264.87,15.0,30.0,0.33,-7.37,1.0,0.1,300.0
6,0,6,0.3409,15.0,53.79,0.0,-15.0,8.06,3.17,300.0,54.81,60.0,0.0,-15.0,1.0,0.1,300.0,59.61,60.0,0.0,-5.0,10.0,0.1,300.0,15.0,30.0,1.67,-14.7,5.33,0.1,300.0
6,0,7,0.3488,15.0,46.61,0.0,-15.0,10.0,1.53,300.0,45.61,60.0,0.0,-9.86,1.0,0.1,300.0,60.0,60.0,0.0,-3.43,10.0,0.1,300.0,15.0,30.0,1.09,-15.0,8.08,0.1,300.0
6,0,8,0.2909,21.32,57.82,0.42,-15.0,10.0,2.74,210.5,60.0,60.0,0.0,-15.0,1.0,0.1,300.0,49.05,60.0,0.0,0.0,10.0,0.1,300.0,31.85,30.0,0.55,-15.0,3.9,0.1,300.0
6,0,9,0.2684,43.13,55.77,2.0,-15.0,10.0,5.09,118.54,60.0,60.0,0.0,-15.0,1.0,0.1,300.0,32.13,60.0,0.0,-4.99,10.0,0.1,300.0,55.46,30.0,1.29,-15.0,1.0,0.1,54.76
6,0,10,0.2518,57.51,45.25,2.0,-4.99,10.0,1.25,287.45,60.0,60.0,0.0,-15.0,1.0,0.1,300.0,32.37,60.0,0.05,-15.0,10.0,0.1,300.0,60.0,30.0,0.52,-15.0,1.0,0.1,184.7
6,0,11,0.2504,47.22,42.16,2.0,-3.93,10.0,0.1,168.58,60.0,60.0,0.0,-15.0,1.0,0.1,300.0,33.7,60.0,0.0,-15.0,10.0,0.1,134.57,56.32,30.0,0.0,-15.0,1.0,0.1,163.3
6,0,12,0.2709,47.63,30.0,1.6,-2.6,10.0,0.1,136.97,60.0,60.0,0.0,-15.0,1.0,0.1,300.0,41.21,60.0,0.0,-15.0,10.0,0.1,62.32,49.1,30.0,0.08,-15.0,1.0,0.1,261.2
6,0,13,0.268,48.01,30.0,2.0,-1.01,10.0,0.1,252.26,60.0,60.0,0.0,-15.0,1.0,0.1,300.0,47.12,60.0,0.0,-15.0,10.0,0.1,62.21,38.82,30.0,0.0,-15.0,1.0,0.1,257.63
6,0,14,0.316,60.0,30.0,2.0,-7.4,6.7,3.73,300.0,49.01,60.0,0.0,-15.0,2.18,0.1,300.0,60.0,60.0,0.14,-15.0,10.0,0.1,81.17,15.0,30.0,0.0,-15.0,1.0,0.1,281.52
6,1,0,0.2902,49.52,60.0,1.78,-8.17,10.0,9.83,300.0,37.64,30.27,0.72,-9.31,2.99,10.0,50.0,53.48,38.76,1.63,-8.78,10.0,7.33,50.0,46.61,44.56,0.0,-9.81,1.0,5.11,106.92
6,1,1,0.2921,18.3,60.0,1.44,0.0,10.0,6.29,300.0,32.5,30.0,0.0,-9.49,1.0,10.0,50.0,36.46,30.0,2.0,-1.07,10.0,10.0,50.0,40.93,42.17,0.52,-10.76,1.0,4.42,50.0
6,1,2,0.3008,23.74,51.58,0.38,-3.37,5.4,1.99,300.0,41.27,30.0,0.0,-15.0,1.0,10.0,50.0,15.0,40.31,1.54,-2.6,10.0,7.28,50.0,36.56,55.24,0.85,-4.01,1.0,9.19,50.0
6,1,3,0.3038,17.73,42.6,0.38,-2.78,10.0,0.1,300.0,60.0,30.0,1.41,-10.98,1.0,7.84,50.0,16.44,60.0,0.51,0.0,10.0,0.75,50.0,53.64,60.0,0.84,-9.14,1.0,6.05,50.0
6,1,4,0.3232,20.28,36.66,0.33,-6.72,10.0,3.76,271.97,60.0,30.0,0.52,-15.0,1.0,10.0,50.0,15.0,60.0,0.02,0.0,10.0,8.11,50.0,47.71,60.0,2.0,0.0,1.0,5.76,50.0
6,1,5,0.3421,20.68,41.83,0.0,-15.0,10.0,0.1,178.9,60.0,30.0,0.67,-15.0,1.0,4.15,50.0,15.0,60.0,1.53,0.0,10.0,6.46,50.0,60.0,60.0,1.34,0.0,1.71,8.23,50.0
6,1,6,0.3378,29.06,30.0,0.0,-6.39,10.0,0.1,67.84,35.94,30.0,0.0,-15.0,1.0,10.0,50.0,15.0,60.0,2.0,0.0,10.0,10.0,50.0,60.0,37.73,1.38,0.0,6.08,6.78,50.0
6,1,7,0.3907,15.0,33.11,0.26,-10.38,10.0,0.1,50.0,57.4,30.0,0.0,-15.0,1.0,10.0,50.0,15.0,52.54,2.0,0.0,10.0,10.0,50.0,60.0,30.0,1.71,0.0,9.19,10.0,50.0
6,1,8,0.3775,15.0,60.0,0.26,-9.66,10.0,0.1,50.0,58.45,30.0,0.0,-15.0,4.39,10.0,50.0,15.0,60.0,2.0,0.0,1.44,10.0,50.0,60.0,30.0,0.23,0.0,1.0,10.0,50.0
6,1,9,0.3568,15.0,60.0,1.16,-8.82,10.0,0.1,55.07,60.0,30.0,0.0,-15.0,1.0,10.0,50.0,15.0,60.0,2.0,0.0,2.33,10.0,50.0,60.0,31.79,0.63,0.0,1.0,10.0,50.0
6,1,10,0.3471,15.0,60.0,0.0,-15.0,8.63,1.3,50.0,60.0,30.0,0.0,-15.0,1.0,10.0,50.0,15.0,60.0,2.0,0.0,8.64,10.0,50.0,60.0,30.0,0.04,0.0,1.0,10.0,50.0
6,1,11,0.3967,15.0,60.0,0.0,-15.0,10.0,0.1,50.0,60.0,30.0,0.0,-15.0,5.94,10.0,50.0,15.0,60.0,2.0,0.0,10.0,10.0,50.0,60.0,30.0,0.21,0.0,1.0,10.0,50.0
6,1,12,0.4043,15.0,60.0,0.0,-15.0,10.0,0.1,50.0,60.0,30.0,0.0,-15.0,9.47,10.0,50.0,15.0,60.0,2.0,0.0,10.0,10.0,50.0,60.0,30.0,1.21,0.0,1.0,10.0,50.0
6,1,13,0.3875,15.0,60.0,0.0,-15.0,2.18,0.1,50.0,60.0,30.0,0.0,-15.0,8.14,10.0,50.0,15.0,60.0,2.0,0.0,10.0,10.0,50.0,60.0,30.0,1.59,0.0,1.0,10.0,50.0
6,1,14,0.3944,15.0,60.0,0.0,-15.0,2.7,0.1,50.0,60.0,30.0,0.0,-15.0,10.0,10.0,50.0,15.0,60.0,2.0,0.0,10.0,10.0,50.0,60.0,30.0,2.0,0.0,1.0,10.0,50.0
7,0,0,0.2726,26.13,35.64,0.06,0.0,4.58,4.87,195.26,45.59,60.0,0.99,0.0,10.0,0.1,207.27,46.93,45.3,2.0,-11.0,10.0,0.1,300.0,56.7,59.26,1.15,-15.0,4.48,3.19,300.0
7,0,1,0.3063,16.38,30.0,0.0,-14.79,8.14,6.07,201.21,54.24,60.0,0.89,0.0,10.0,0.1,281.82,60.0,60.0,2.0,0.0,10.0,0.1,300.0,18.66,49.16,0.85,-15.0,1.0,3.1,300.0
7,0,2,0.2678,15.0,45.92,0.63,-15.0,3.28,2.67,300.0,44.68,57.59,0.0,0.0,7.73,1.75,185.64,58.22,60.0,2.0,0.0,10.0,2.81,300.0,50.18,30.0,0.0,-5.45,1.0,8.92,300.0
7,0,3,0.1884,28.83,60.0,0.0,-15.0,1.91,1.34,300.0,60.0,53.38,0.0,0.0,4.54,4.33,132.2,56.07,60.0,2.0,0.0,10.0,0.1,300.0,31.21,52.57,0.0,-5.18,1.0,2.7,300.0
7,0,4,0.2779,16.94,60.0,0.0,-15.0,4.35,0.1,300.0,60.0,30.0,0.0,0.0,5.54,3.88,230.87,52.84,60.0,2.0,0.0,7.76,0.1,300.0,30.32,60.0,0.0,-1.43,6.39,7.52,300.0
7,0,5,0.2622,27.02,60.0,0.0,-15.0,5.41,0.1,226.81,60.0,36.99,0.0,0.0,3.23,0.27,237.77,50.68,60.0,2.0,-7.35,10.0,0.1,300.0,19.65,60.0,0.0,-6.74,6.09,1.82,300.0
7,0,6,0.2219,58.07,50.39,0.0,-15.0,4.96,0.1,300.0,60.0,38.11,0.0,0.0,1.0,0.1,300.0,52.51,60.0,2.0,0.0,10.0,0.1,232.62,38.25,60.0,0.0,-5.8,4.81,9.18,300.0
7,0,7,0.2441,47.43,35.28,0.0,-15.0,7.56,0.1,300.0,60.0,56.71,0.0,-0.32,1.0,0.1,300.0,55.01,60.0,2.0,0.0,10.0,0.1,156.93,19.4,60.0,0.0,0.0,4.96,10.0,300.0
7,0,8,0.2547,50.09,39.35,0.0,-15.0,10.0,0.1,243.89,60.0,60.0,0.0,0.0,1.0,0.1,252.35,60.0,60.0,2.0,0.0,10.0,0.1,50.0,15.0,60.0,0.0,0.0,3.68,10.0,300.0
7,0,9,0.2681,54.56,32.13,0.0,-15.0,10.0,0.1,253.02,60.0,60.0,0.0,-12.31,1.0,0.1,143.28,60.0,60.0,2.0,0.0,10.0,0.1,116.62,15.0,60.0,0.0,0.0,7.22,10.0,300.0
7,0,10,0.2762,51.35,30.0,0.0,-15.0,9.83,0.1,274.87,60.0,60.0,0.0,0.0,1.0,0.1,126.11,60.0,60.0,2.0,0.0,10.0,2.32,188.38,15.0,60.0,0.0,0.0,4.01,9.78,300.0
7,0,11,0.2756,42.89,30.0,0.0,-15.0,10.0,0.1,271.84,60.0,60.0,0.0,-7.03,1.0,1.93,131.29,60.0,60.0,2.0,0.0,10.0,0.68,50.0,15.0,60.0,0.0,0.0,5.93,5.59,300.0
7,0,12,0.267,17.72,50.83,0.0,-15.0,10.0,0.1,300.0,60.0,60.0,0.0,-1.57,1.0,5.08,50.0,60.0,60.0,2.0,0.0,10.0,9.12,50.0,23.04,35.68,0.0,0.0,8.82,10.0,300.0
7,0,13,0.2165,40.0,53.29,0.0,-15.0,10.0,0.1,300.0,60.0,60.0,0.04,0.0,1.22,5.4,50.0,60.0,60.0,2.0,0.0,10.0,6.44,50.0,33.6,43.98,0.0,0.0,3.99,5.2,300.0
7,0,14,0.2418,38.08,43.33,0.0,-15.0,10.0,0.1,300.0,60.0,60.0,0.33,0.0,1.0,4.16,50.0,60.0,60.0,2.0,0.0,10.0,3.67,50.0,47.88,30.0,0.0,0.0,8.05,3.19,300.0
7,1,0,0.3457,25.15,30.0,1.37,-5.85,4.78,4.71,150.05,29.17,60.0,1.38,-9.21,3.57,2.57,300.0,29.73,57.15,1.53,-10.73,3.12,8.79,298.08,15.0,48.12,2.0,-15.0,3.09,1.07,268.7
7,1,1,0.3426,15.0,30.0,1.13,-5.35,4.93,4.67,70.69,29.59,60.0,1.05,-12.77,1.0,3.7,300.0,60.0,50.4,1.95,-1.0,1.0,10.0,300.0,18.98,58.37,2.0,-11.36,8.03,0.52,221.94
7,1,2,0.3295,15.0,44.17,0.47,-2.52,9.85,5.45,50.0,60.0,59.0,0.24,-15.0,1.0,0.1,300.0,60.0,48.59,0.82,0.0,1.0,10.0,300.0,15.0,56.08,2.0,-15.0,7.11,3.83,98.95
7,1,3,0.3196,34.63,54.68,0.0,-7.06,6.75,9.35,50.0,60.0,60.0,0.0,-15.0,5.65,0.1,300.0,40.31,51.8,0.86,0.0,1.0,0.97,176.27,15.0,48.87,2.0,-15.0,3.63,10.0,70.79
7,1,4,0.322,54.89,60.0,0.0,-10.5,1.23,10.0,50.0,60.0,60.0,0.0,-15.0,4.7,7.29,300.0,15.0,48.11,0.72,0.0,1.0,0.1,300.0,15.0,60.0,2.0,-14.42,1.35,10.0,155.44
7,1,5,0.3243,53.46,50.92,0.0,-9.67,7.79,10.0,59.63,60.0,60.0,0.0,-15.0,9.93,10.0,300.0,15.0,50.91,0.79,0.0,1.0,0.55,300.0,15.0,51.19,2.0,-15.0,1.48,10.0,137.57
7,1,6,0.3355,35.6,45.83,0.0,-14.21,5.54,10.0,50.0,60.0,60.0,0.0,-15.0,10.0,10.0,300.0,15.0,44.65,0.66,0.0,1.0,2.26,300.0,15.0,47.88,2.0,-15.0,1.0,10.0,54.61
7,1,7,0.3742,26.12,30.0,0.0,-10.11,4.75,10.0,125.76,60.0,60.0,0.0,-15.0,10.0,10.0,300.0,15.0,30.0,1.78,0.0,1.0,0.84,300.0,15.0,52.94,2.0,-15.0,3.07,10.0,218.71
7,1,8,0.3759,21.0,36.43,0.0,-15.0,10.0,10.0,147.49,60.0,60.0,0.0,-15.0,10.0,10.0,300.0,15.0,30.0,1.68,0.0,1.0,0.1,300.0,15.0,44.49,2.0,-15.0,1.0,10.0,300.0
7,1,9,0.3802,15.0,50.14,0.0,-15.0,10.0,10.0,300.0,60.0,60.0,0.0,-7.79,10.0,10.0,300.0,15.0,30.0,0.73,0.0,1.0,0.1,300.0,15.0,32.67,2.0,-15.0,1.0,10.0,300.0
7,1,10,0.3642,15.0,49.82,0.0,-15.0,10.0,10.0,267.19,60.0,60.0,0.41,0.0,10.0,10.0,300.0,15.0,30.0,0.2,0.0,1.0,0.1,300.0,15.0,52.68,2.0,-15.0,1.0,10.0,300.0
7,1,11,0.3854,15.0,30.0,0.0,-15.0,10.0,10.0,228.21,60.0,60.0,0.0,0.0,10.0,10.0,300.0,15.0,31.72,1.05,0.0,1.0,0.1,300.0,15.0,42.01,2.0,-15.0,1.0,10.0,300.0
7,1,12,0.3763,15.0,59.61,0.03,-15.0,9.81,10.0,203.02,60.0,60.0,0.15,0.0,10.0,8.97,300.0,15.0,30.0,2.0,0.0,1.0,0.1,300.0,15.0,30.0,1.61,-15.0,1.0,10.0,300.0
7,1,13,0.3793,15.0,60.0,0.26,-15.0,10.0,10.0,244.21,60.0,60.0,0.18,0.0,10.0,5.98,300.0,15.0,30.0,2.0,0.0,1.0,0.1,300.0,15.0,30.0,1.27,-15.0,1.0,10.0,300.0
7,1,14,0.3784,15.0,43.18,0.55,-15.0,7.49,10.0,280.97,60.0,60.0,1.02,0.0,10.0,10.0,300.0,15.0,30.0,2.0,0.0,1.0,0.1,199.16,15.0,30.0,0.0,-15.0,1.0,10.0,300.0
8,0,0,0.2997,35.84,30.0,0.6,-11.62,4.78,5.81,84.92,49.39,41.6,2.0,-9.17,7.97,10.0,178.35,33.82,60.0,0.44,-10.21,4.79,1.89,176.84,47.37,54.82,1.64,0.0,10.0,2.52,182.06
8,0,1,0.311,42.97,40.01,1.65,-15.0,8.44,7.47,50.0,60.0,58.43,2.0,-15.0,7.89,10.0,243.71,36.72,53.36,0.31,-15.0,7.6,6.91,208.29,60.0,59.78,0.8,0.0,7.35,5.27,211.53
8,0,2,0.3257,42.68,30.0,2.0,-15.0,1.48,0.1,50.0,39.96,39.49,2.0,-15.0,4.36,10.0,300.0,24.72,41.62,0.09,-15.0,5.43,2.79,142.02,60.0,60.0,1.87,0.0,10.0,8.36,265.29
8,0,3,0.3387,28.0,30.0,1.96,-15.0,1.0,0.1,59.01,25.91,54.18,2.0,-15.0,9.48,10.0,50.0,35.25,51.99,0.0,-6.2,2.54,3.91,66.17,60.0,60.0,2.0,0.0,10.0,2.28,277.37
8,0,4,0.35,39.58,30.0,0.05,-10.76,4.96,0.1,186.35,39.98,35.39,2.0,-15.0,10.0,10.0,50.0,45.58,59.05,0.0,-14.02,6.64,10.0,50.0,36.17,60.0,2.0,0.0,10.0,0.1,119.45
8,0,5,0.3497,32.4,30.0,0.85,0.0,10.0,4.18,74.95,55.53,30.0,2.0,-15.0,9.2,10.0,81.47,40.37,52.95,0.0,-6.56,6.54,8.27,50.0,37.67,60.0,2.0,0.0,10.0,6.09,133.82
8,0,6,0.3213,33.08,30.0,1.09,-9.6,10.0,9.78,190.09,60.0,39.13,2.0,-15.0,10.0,10.0,209.96,27.78,60.0,0.0,-8.56,10.0,10.0,50.0,57.33,60.0,2.0,0.0,10.0,7.43,50.0
8,0,7,0.3154,37.9,30.0,1.18,-15.0,10.0,10.0,237.81,38.33,45.2,2.0,-15.0,9.26,10.0,300.0,44.83,60.0,0.0,-6.88,10.0,10.0,50.0,47.45,60.0,2.0,0.0,10.0,3.35,50.0
8,0,8,0.363,38.2,30.0,1.51,-6.93,10.0,10.0,71.72,15.0,44.23,2.0,-15.0,10.0,10.0,300.0,29.07,60.0,0.0,0.0,10.0,10.0,50.0,60.0,60.0,0.84,0.0,10.0,0.1,50.0
8,0,9,0.4053,15.0,30.0,1.98,-10.65,10.0,10.0,300.0,15.98,58.71,2.0,-15.0,10.0,10.0,300.0,17.71,60.0,0.0,0.0,2.77,10.0,50.0,60.0,60.0,0.18,0.0,10.0,0.99,50.0
8,0,10,0.3725,15.0,30.0,2.0,-13.43,10.0,10.0,300.0,28.08,60.0,2.0,-15.0,10.0,10.0,300.0,25.34,60.0,0.0,0.0,1.0,6.22,50.0,60.0,60.0,1.38,0.0,10.0,4.01,50.0
8,0,11,0.405,15.0,30.0,2.0,-15.0,10.0,10.0,194.56,15.0,60.0,2.0,-15.0,10.0,10.0,286.73,60.0,60.0,0.0,0.0,1.0,10.0,50.0,53.75,60.0,1.61,0.0,10.0,0.1,50.0
8,0,12,0.4092,15.0,30.0,2.0,-15.0,10.0,10.0,149.29,15.0,60.0,2.0,-15.0,10.0,10.0,300.0,60.0,60.0,0.0,0.0,6.85,10.0,50.0,21.62,60.0,0.0,0.0,10.0,10.0,50.0
8,0,13,0.3651,15.0,30.0,2.0,-15.0,5.65,10.0,90.79,30.45,60.0,2.0,-15.0,10.0,10.0,300.0,60.0,60.0,0.0,0.0,9.4,10.0,50.0,23.15,60.0,0.17,0.0,10.0,10.0,50.0
8,0,14,0.3859,15.0,30.0,2.0,-15.0,1.93,10.0,215.99,15.0,60.0,2.0,-15.0,10.0,10.0,276.31,60.0,60.0,0.0,0.0,7.43,2.01,50.0,60.0,60.0,0.67,0.0,10.0,10.0,50.0
8,1,0,0.3061,60.0,46.92,2.0,-14.66,5.41,5.08,251.35,24.61,60.0,0.67,-1.46,10.0,6.93,50.0,34.58,32.24,0.21,-14.08,8.7,10.0,221.15,32.28,46.56,1.99,-0.68,5.72,2.98,182.83
8,1,1,0.3467,60.0,60.0,2.0,-15.0,6.82,0.1,300.0,15.0,59.91,0.0,0.0,10.0,4.99,233.31,25.19,31.16,0.0,-13.83,10.0,8.9,50.0,33.84,36.04,1.45,-10.95,1.09,2.6,98.75
8,1,2,0.3363,60.0,60.0,2.0,-15.0,10.0,0.1,300.0,21.4,60.0,0.0,0.0,10.0,0.1,300.0,20.91,30.0,0.0,-11.12,10.0,10.0,50.0,19.88,60.0,1.9,-5.73,1.0,0.43,71.78
8,1,3,0.328,60.0,60.0,2.0,-7.38,10.0,1.53,300.0,28.26,46.1,0.0,0.0,1.0,0.1,300.0,19.78,30.0,0.0,-12.69,10.0,4.44,50.0,27.03,30.0,1.95,0.0,1.0,0.1,50.0
8,1,4,0.3662,60.0,60.0,1.77,-14.72,10.0,10.0,300.0,28.22,37.65,1.47,0.0,1.0,0.59,300.0,15.0,46.68,1.9,-15.0,10.0,4.16,85.95,19.39,31.18,1.07,0.0,1.0,0.1,50.0
8,1,5,0.4164,60.0,60.0,0.35,-15.0,8.95,10.0,300.0,15.0,30.0,1.76,0.0,1.86,4.95,300.0,15.0,55.64,2.0,-15.0,10.0,10.0,196.79,15.0,33.5,1.12,0.0,1.0,0.1,180.35
8,1,6,0.3787,60.0,60.0,1.13,-15.0,10.0,10.0,300.0,15.0,30.0,1.53,0.0,5.52,5.93,300.0,25.63,60.0,2.0,-15.0,10.0,10.0,220.95,15.0,44.34,0.0,0.0,1.0,0.1,204.08
8,1,7,0.3986,60.0,55.6,1.71,-15.0,2.45,10.0,300.0,15.0,30.0,2.0,0.0,1.0,10.0,300.0,15.0,60.0,2.0,-15.0,10.0,10.0,300.0,15.0,39.13,0.0,0.0,6.65,0.1,133.67
8,1,8,0.3889,60.0,60.0,2.0,-15.0,1.0,10.0,300.0,15.0,30.0,0.26,0.0,1.0,10.0,300.0,15.0,60.0,2.0,-15.0,10.0,9.78,300.0,15.0,60.0,1.16,0.0,5.24,5.7,224.75
8,1,9,0.3982,60.0,43.31,1.88,-15.0,8.09,10.0,300.0,15.0,30.0,0.08,0.0,4.24,10.0,300.0,15.0,60.0,2.0,-15.0,10.0,10.0,300.0,15.0,60.0,0.0,0.0,5.86,10.0,277.65
8,1,10,0.4039,60.0,39.37,2.0,-15.0,10.0,10.0,300.0,15.0,30.0,0.7,0.0,6.78,10.0,300.0,15.0,60.0,2.0,-15.0,10.0,10.0,300.0,15.0,60.0,0.0,0.0,10.0,10.0,250.55
8,1,11,0.4342,60.0,30.0,2.0,-15.0,10.0,10.0,300.0,15.0,30.0,1.9,0.0,7.94,10.0,300.0,15.0,60.0,2.0,-15.0,10.0,10.0,300.0,15.0,60.0,0.0,0.0,7.77,10.0,300.0
8,1,12,0.4338,60.0,31.49,2.0,-15.0,10.0,10.0,300.0,15.0,30.0,1.89,0.0,2.3,10.0,300.0,15.0,60.0,2.0,-15.0,10.0,10.0,300.0,15.0,60.0,0.56,0.0,1.29,10.0,102.49
8,1,13,0.4324,60.0,30.0,2.0,-15.0,10.0,10.0,300.0,15.0,30.0,0.0,0.0,1.0,10.0,300.0,15.0,60.0,2.0,-15.0,10.0,10.0,300.0,15.0,60.0,0.75,0.0,2.5,10.0,50.0
8,1,14,0.4136,60.0,30.0,0.13,-15.0,10.0,10.0,300.0,15.0,30.0,0.0,0.0,1.73,10.0,300.0,15.0,60.0,2.0,-15.0,10.0,10.0,300.0,15.0,60.0,0.0,0.0,1.0,10.0,50.0
9,0,0,0.3455,38.85,30.0,0.0,-15.0,2.48,0.46,300.0,57.6,30.0,0.0,0.0,3.11,9.19,300.0,25.85,57.5,0.73,0.0,10.0,10.0,50.0,15.0,36.48,2.0,-7.47,10.0,0.1,300.0
9,0,1,0.2913,29.52,30.0,2.0,-8.1,1.0,2.57,300.0,60.0,37.51,0.0,0.0,3.34,6.0,300.0,60.0,53.47,0.42,0.0,9.24,9.7,138.21,15.0,56.5,2.0,-3.04,1.93,0.1,300.0
9,0,2,0.334,26.05,30.0,2.0,-15.0,1.0,0.1,300.0,60.0,44.74,0.94,0.0,7.45,7.45,300.0,60.0,38.2,0.91,-15.0,7.98,4.53,50.0,15.0,60.0,2.0,-13.66,4.2,0.1,197.59
9,0,3,0.3024,53.88,30.0,0.81,-10.62,1.0,0.1,300.0,60.0,41.41,2.0,0.0,7.91,5.03,300.0,60.0,47.86,1.11,-15.0,10.0,4.05,50.0,15.0,50.82,2.0,-15.0,1.0,0.1,125.67
9,0,4,0.2974,23.78,44.24,0.0,-7.95,1.0,0.1,124.67,60.0,50.76,2.0,0.0,3.09,0.1,300.0,60.0,42.34,0.98,-15.0,10.0,9.46,50.0,15.0,60.0,2.0,-10.13,1.0,0.1,244.65
9,0,5,0.323,15.0,36.95,0.0,-5.25,1.0,0.1,232.72,60.0,49.83,2.0,0.0,6.46,1.44,300.0,60.0,58.89,1.54,-15.0,10.0,1.49,50.0,15.0,58.96,2.0,-13.37,1.0,0.1,300.0
9,0,6,0.3355,16.92,30.0,0.67,-0.8,6.75,0.1,257.31,60.0,60.0,2.0,0.0,6.55,4.0,300.0,60.0,56.88,2.0,-15.0,10.0,0.1,50.0,15.0,60.0,2.0,-15.0,1.0,7.47,300.0
9,0,7,0.317,15.0,57.89,0.0,0.0,1.76,0.1,75.09,60.0,57.64,2.0,0.0,10.0,2.17,300.0,60.0,50.64,2.0,-15.0,10.0,1.02,137.07,15.0,56.15,2.0,-14.11,1.0,10.0,300.0
9,0,8,0.3234,15.0,41.42,0.15,0.0,2.49,0.1,300.0,60.0,60.0,2.0,0.0,2.26,0.37,209.8,30.49,60.0,2.0,-15.0,10.0,3.4,245.12,15.0,60.0,2.0,-0.88,1.0,9.18,300.0
9,0,9,0.3475,15.0,39.9,0.09,-6.47,8.0,0.1,300.0,60.0,55.16,2.0,0.0,5.73,0.1,238.38,20.96,60.0,2.0,-15.0,10.0,0.1,300.0,15.0,60.0,2.0,0.0,1.0,8.02,300.0
9,0,10,0.3552,15.0,30.0,0.68,-5.47,9.42,0.1,300.0,60.0,50.27,2.0,0.0,1.05,0.1,253.41,35.2,38.19,2.0,-15.0,10.0,0.1,300.0,15.0,59.13,2.0,0.0,1.0,4.44,300.0
9,0,11,0.3349,15.0,30.0,0.0,-6.74,5.52,1.63,165.26,60.0,52.86,2.0,0.0,1.0,0.1,206.48,32.99,49.9,2.0,-15.0,10.0,0.1,300.0,15.0,52.26,2.0,0.0,1.0,3.79,300.0
9,0,12,0.3701,15.0,32.54,0.0,-4.14,3.5,0.1,300.0,60.0,60.0,2.0,0.0,1.0,0.1,300.0,15.0,60.0,2.0,-15.0,10.0,0.1,300.0,15.0,45.98,2.0,0.0,1.0,4.75,300.0
9,0,13,0.3657,15.0,30.0,0.0,-15.0,1.0,0.1,300.0,60.0,60.0,2.0,0.0,5.45,0.1,300.0,15.0,60.0,2.0,-15.0,10.0,0.1,296.85,15.0,55.93,2.0,0.0,1.0,7.81,300.0
9,0,14,0.3714,15.0,30.0,0.96,-15.0,1.0,0.1,292.92,57.35,56.31,2.0,0.0,9.22,0.1,300.0,15.0,60.0,2.0,-15.0,10.0,0.1,291.65,15.0,60.0,2.0,0.0,1.0,2.69,300.0
9,1,0,0.2392,42.12,40.61,0.0,-8.57,5.39,7.41,213.52,50.57,46.84,0.79,-3.0,4.69,5.06,268.76,34.25,45.21,0.57,-10.95,10.0,3.03,86.26,47.96,43.74,0.0,-14.19,5.59,10.0,75.02
9,1,1,0.3128,56.73,44.74,0.0,-8.51,8.04,10.0,101.99,44.6,30.0,1.1,0.0,1.0,9.46,300.0,16.24,51.97,0.49,-15.0,10.0,0.13,92.97,49.45,48.46,0.16,-15.0,9.84,10.0,89.72
9,1,2,0.3462,60.0,31.08,0.0,-1.25,7.71,10.0,50.0,60.0,30.0,2.0,0.0,4.3,10.0,300.0,15.0,44.09,0.53,-15.0,10.0,0.76,115.49,57.06,39.44,0.0,-15.0,10.0,10.0,181.17
9,1,3,0.3219,54.38,45.97,0.0,-13.79,7.05,9.4,50.0,60.0,36.69,2.0,0.0,5.78,10.0,300.0,15.0,38.85,0.0,-15.0,10.0,5.91,50.0,38.71,30.0,0.0,-15.0,7.69,10.0,136.89
9,1,4,0.3146,60.0,59.62,0.0,-15.0,5.84,6.81,50.0,60.0,60.0,2.0,0.0,1.0,10.0,300.0,15.0,50.69,1.48,-15.0,10.0,1.68,50.0,19.71,30.0,0.0,-15.0,1.0,10.0,50.0
9,1,5,0.2738,60.0,60.0,0.0,-15.0,6.05,10.0,50.0,60.0,50.47,1.88,0.0,6.68,10.0,300.0,18.1,47.44,0.0,-15.0,10.0,1.37,50.0,48.94,30.0,0.0,-15.0,1.0,10.0,261.72
9,1,6,0.3579,60.0,49.12,0.0,-15.0,10.0,7.68,50.0,60.0,58.14,2.0,0.0,10.0,10.0,300.0,18.37,30.0,0.0,-15.0,10.0,0.1,50.0,15.0,30.0,0.0,-15.0,1.0,10.0,108.75
9,1,7,0.3266,60.0,46.71,0.0,-15.0,10.0,0.1,50.0,60.0,60.0,2.0,-3.0,6.54,10.0,300.0,34.07,35.45,0.0,-15.0,10.0,0.1,201.41,15.0,30.0,0.0,-15.0,1.0,0.85,155.52
9,1,8,0.282,58.23,60.0,0.0,-15.0,10.0,1.46,50.0,60.0,60.0,2.0,-2.39,4.66,10.0,300.0,43.94,38.7,0.0,-15.0,9.38,0.1,271.96,36.22,30.0,0.0,-15.0,1.0,5.2,252.03
9,1,9,0.2903,60.0,60.0,0.0,-15.0,10.0,0.1,50.0,60.0,60.0,2.0,0.0,5.47,10.0,300.0,41.55,49.51,0.0,-15.0,10.0,0.1,58.96,50.75,30.0,0.0,-15.0,1.0,6.16,300.0
9,1,10,0.2963,49.75,60.0,0.0,-15.0,10.0,0.1,50.0,60.0,52.7,2.0,0.0,9.46,10.0,287.7,25.72,46.24,0.0,-15.0,8.77,0.1,50.0,60.0,30.0,0.0,-15.0,1.0,4.78,300.0
9,1,11,0.3315,59.51,60.0,0.0,-15.0,10.0,0.65,50.0,60.0,33.0,2.0,0.0,4.53,10.0,300.0,15.07,43.94,0.0,-15.0,2.8,0.1,50.0,60.0,30.0,0.0,-15.0,1.0,8.11,300.0
9,1,12,0.3474,60.0,50.59,0.0,-15.0,10.0,0.1,50.0,60.0,32.25,2.0,0.0,2.81,10.0,300.0,15.0,52.11,0.0,-15.0,8.98,0.1,50.0,60.0,30.0,0.0,-15.0,1.0,6.72,300.0
9,1,13,0.3853,54.07,40.94,0.0,-15.0,10.0,1.01,50.0,60.0,30.0,2.0,0.0,1.65,10.0,300.0,17.25,53.16,0.0,-15.0,8.63,0.1,50.0,15.0,30.0,0.0,-15.0,1.0,8.28,300.0
9,1,14,0.3845,49.98,33.38,0.0,-15.0,10.0,0.1,50.0,60.0,30.0,2.0,0.0,1.0,10.0,300.0,25.26,60.0,0.0,-15.0,8.71,0.1,50.0,15.0,30.0,0.0,-15.0,1.0,6.92,300.0
10,0,0,0.3305,60.0,39.97,1.58,-11.25,8.61,0.1,254.3,60.0,30.0,2.0,-12.82,4.37,0.1,199.1,46.47,47.93,0.0,-7.92,8.0,9.66,192.77,39.91,46.08,0.24,-11.74,2.0,0.1,300.0
10,0,1,0.2784,60.0,45.42,0.62,-12.34,10.0,0.1,300.0,60.0,30.0,0.0,-15.0,1.0,0.13,238.47,49.47,38.61,0.0,-6.63,4.42,10.0,115.19,43.5,41.45,0.56,-3.8,1.94,0.1,206.25
10,0,2,0.3216,60.0,48.61,0.0,-15.0,10.0,0.1,300.0,60.0,30.0,0.0,-15.0,6.99,6.23,209.62,38.96,30.0,0.0,-2.67,10.0,10.0,106.19,56.88,58.16,0.0,-7.34,1.0,0.1,245.69
10,0,3,0.3451,60.0,30.0,0.0,-5.77,10.0,0.1,300.0,60.0,30.0,0.0,-15.0,9.2,4.38,50.0,60.0,30.0,0.0,0.0,10.0,10.0,153.24,30.17,48.34,0.0,-8.31,1.0,0.1,300.0
10,0,4,0.3366,60.0,45.48,0.0,0.0,10.0,0.1,300.0,60.0,30.0,0.0,-13.81,8.05,8.61,50.0,60.0,30.0,0.27,0.0,10.0,10.0,104.6,20.33,30.0,0.0,-10.24,4.68,0.1,300.0
10,0,5,0.3346,60.0,30.0,0.0,0.0,10.0,0.1,300.0,60.0,41.34,0.0,-15.0,10.0,10.0,50.0,60.0,30.0,0.0,0.0,10.0,10.0,50.0,19.02,30.0,0.0,-15.0,8.61,0.1,300.0
10,0,6,0.3585,44.8,33.88,0.0,-10.78,10.0,0.1,300.0,60.0,35.47,0.0,-15.0,6.36,8.27,50.0,60.0,30.0,0.0,0.0,10.0,10.0,173.84,15.0,30.0,0.0,-15.0,10.0,0.1,300.0
10,0,7,0.3265,17.96,60.0,0.0,-2.83,10.0,0.1,300.0,60.0,30.0,0.0,-15.0,1.37,10.0,50.0,60.0,31.06,0.0,0.0,10.0,10.0,202.69,51.55,30.0,0.0,-15.0,10.0,0.1,300.0
10,0,8,0.3159,15.0,53.42,0.0,-3.58,10.0,0.1,300.0,60.0,30.0,0.59,-15.0,1.0,10.0,50.0,54.43,30.0,0.0,0.0,10.0,10.0,170.99,43.11,45.78,0.0,-15.0,10.0,0.1,300.0
10,0,9,0.305,35.41,43.96,0.0,-1.83,10.0,0.1,300.0,60.0,30.0,2.0,-8.13,1.0,10.0,50.0,60.0,30.0,0.0,0.0,10.0,10.0,252.66,30.86,60.0,0.0,-14.59,9.57,0.1,300.0
10,0,10,0.2622,55.6,30.0,0.0,0.0,10.0,0.1,300.0,60.0,40.86,1.97,-5.59,1.0,10.0,50.0,60.0,30.0,0.0,0.0,10.0,10.0,197.48,32.63,60.0,0.0,-7.35,10.0,0.1,300.0
10,0,11,0.2476,52.16,30.0,0.0,0.0,10.0,0.1,300.0,60.0,39.23,0.94,-3.28,1.0,10.0,50.0,47.54,31.69,0.0,-3.03,10.0,10.0,221.94,25.8,58.74,0.0,-0.15,10.0,0.1,300.0
10,0,12,0.2636,60.0,30.0,0.0,-5.21,10.0,0.1,300.0,60.0,55.61,2.0,-10.11,1.0,10.0,50.0,56.28,57.74,0.0,-13.19,10.0,10.0,57.58,15.0,60.0,0.0,-2.93,10.0,0.1,300.0
10,0,13,0.2814,35.52,30.0,0.0,-12.6,10.0,0.1,300.0,60.0,58.66,0.71,-9.49,1.0,10.0,50.0,60.0,60.0,0.0,-15.0,10.0,6.5,50.0,15.0,55.01,0.0,-7.4,10.0,0.1,300.0
10,0,14,0.3259,30.46,30.0,0.0,-15.0,10.0,0.1,300.0,60.0,60.0,2.0,-15.0,1.0,10.0,50.0,60.0,60.0,0.0,-15.0,10.0,0.1,50.0,15.0,46.78,0.0,-10.77,10.0,0.1,300.0
10,1,0,0.3235,15.0,31.76,1.85,-15.0,1.68,0.1,50.0,54.45,46.24,0.0,-13.33,5.02,2.04,248.35,35.4,47.98,0.27,-7.52,6.31,6.97,50.0,48.83,43.59,2.0,-5.43,3.58,0.1,50.0
10,1,1,0.3267,15.0,30.0,2.0,-4.64,3.39,5.46,50.0,60.0,41.92,0.0,-7.09,1.0,1.09,183.38,59.77,40.36,0.55,-8.76,6.24,6.9,50.0,54.87,49.12,1.76,-15.0,10.0,4.19,50.0
10,1,2,0.3374,15.0,34.1,1.31,0.0,1.0,1.53,50.0,60.0,55.1,0.16,-14.09,1.0,2.7,177.39,19.38,46.71,1.24,-13.57,8.15,2.1,50.0,54.16,44.29,0.86,-11.36,10.0,0.1,50.0
10,1,3,0.3761,15.0,30.0,0.74,-6.91,1.0,0.1,50.0,58.46,30.0,0.36,-9.36,1.0,0.83,50.0,15.0,51.94,2.0,-4.13,1.0,2.2,59.88,41.15,37.24,2.0,-6.1,9.19,0.1,131.73
10,1,4,0.3575,15.0,30.0,0.35,-15.0,1.0,0.1,50.0,32.85,30.0,0.73,-1.87,4.15,0.42,50.0,15.0,60.0,2.0,-15.0,1.0,7.84,289.18,52.42,52.7,2.0,-2.22,8.18,0.1,300.0
10,1,5,0.4439,39.07,30.0,1.18,-15.0,1.0,0.1,50.0,15.0,30.0,1.78,-10.96,4.06,0.1,50.0,15.0,59.66,2.0,-15.0,1.0,6.57,50.0,29.38,54.89,1.36,-6.3,2.74,0.1,300.0
10,1,6,0.4006,15.0,32.11,1.56,-14.02,1.0,8.74,50.0,15.0,30.0,2.0,-8.52,1.47,0.1,50.0,26.03,55.48,2.0,-15.0,1.0,0.1,50.0,37.51,60.0,1.39,-10.47,1.0,0.1,300.0
10,1,7,0.3301,17.55,60.0,2.0,-12.2,1.0,8.55,50.0,15.0,33.43,2.0,-10.36,1.0,4.43,88.63,42.98,58.41,2.0,-15.0,1.0,4.06,50.0,43.13,60.0,0.68,-13.85,1.0,0.1,300.0
10,1,8,0.2955,29.38,57.27,1.92,-15.0,1.0,10.0,122.62,15.0,51.0,1.47,-1.68,1.0,7.43,64.69,29.65,60.0,2.0,-15.0,1.0,7.67,70.71,60.0,60.0,1.24,-14.01,1.0,0.1,300.0
10,1,9,0.2943,24.49,53.95,1.32,-4.61,1.0,10.0,133.58,15.0,60.0,1.05,-15.0,1.0,10.0,50.0,18.87,60.0,2.0,-15.0,1.0,2.86,50.0,60.0,60.0,0.0,-9.86,1.0,0.1,300.0
10,1,10,0.3432,25.94,60.0,0.72,-13.57,1.0,10.0,102.57,15.0,60.0,0.0,-15.0,5.79,10.0,50.0,15.0,60.0,2.0,-15.0,1.0,1.71,50.0,60.0,60.0,0.0,-15.0,1.0,0.36,245.04
10,1,11,0.3512,15.0,59.94,1.08,-2.13,1.0,10.0,300.0,15.0,60.0,0.0,-15.0,10.0,10.0,50.0,20.11,60.0,2.0,-15.0,1.0,4.06,50.0,60.0,60.0,0.0,-15.0,1.0,0.1,295.92
10,1,12,0.3479,41.29,60.0,2.0,-14.09,1.0,10.0,300.0,15.0,54.77,0.0,-15.0,10.0,1.92,50.0,35.61,60.0,2.0,-15.0,1.0,4.4,50.0,60.0,60.0,0.0,-15.0,1.0,0.1,68.43
10,1,13,0.3476,53.04,60.0,2.0,-15.0,1.0,10.0,300.0,17.25,60.0,0.0,-15.0,6.32,0.1,50.0,60.0,60.0,2.0,-15.0,1.0,7.49,50.0,60.0,60.0,0.0,-15.0,1.0,0.1,50.0
10,1,14,0.2445,50.81,60.0,2.0,-15.0,1.0,10.0,300.0,27.07,60.0,0.0,-15.0,1.83,0.1,50.0,60.0,60.0,2.0,-15.0,1.0,10.0,50.0,60.0,60.0,0.21,-12.39,1.0,0.1,129.29
11,0,0,0.2632,27.93,30.0,0.09,-10.93,4.28,7.58,208.27,45.22,47.31,2.0,-4.54,1.0,10.0,178.88,60.0,60.0,0.0,-14.33,7.46,1.43,163.53,53.33,49.57,0.73,0.0,10.0,2.45,210.9
11,0,1,0.2589,48.56,30.0,0.88,-0.14,8.3,10.0,300.0,60.0,53.98,2.0,-7.85,1.0,10.0,300.0,60.0,60.0,0.0,-13.39,5.26,3.25,216.18,46.32,60.0,0.79,-4.74,5.86,0.13,300.0
11,0,2,0.218,39.53,40.77,0.0,-4.56,8.53,10.0,300.0,60.0,42.38,2.0,0.0,1.0,10.0,246.92,60.0,60.0,0.0,-15.0,3.61,1.44,275.74,60.0,56.56,0.0,0.0,2.73,8.04,300.0
11,0,3,0.2346,59.02,42.64,0.0,-6.36,10.0,0.34,300.0,50.36,43.8,2.0,0.0,1.0,10.0,123.68,60.0,60.0,0.0,-15.0,1.0,7.59,300.0,60.0,47.11,1.03,0.0,4.69,4.79,300.0
11,0,4,0.3024,48.27,32.96,0.0,-15.0,10.0,0.81,300.0,19.47,41.11,2.0,0.0,5.54,10.0,50.0,60.0,59.48,0.0,-15.0,6.44,9.14,140.89,60.0,52.41,1.38,-1.78,1.0,5.65,288.15
11,0,5,0.395,15.0,30.0,0.0,-15.0,9.98,0.1,300.0,15.0,37.26,2.0,0.0,2.92,10.0,50.0,60.0,58.96,1.19,-15.0,5.77,10.0,225.25,60.0,46.99,2.0,0.0,1.0,2.67,280.22
11,0,6,0.3408,28.39,30.0,0.0,-15.0,5.92,0.1,300.0,22.72,30.96,0.46,0.0,1.0,10.0,50.0,60.0,60.0,1.4,-15.0,10.0,8.93,300.0,60.0,41.66,1.43,-3.54,1.0,0.1,179.49
11,0,7,0.3434,16.55,30.0,0.0,-15.0,3.73,6.46,300.0,15.0,48.69,0.0,0.0,1.0,10.0,50.0,60.0,60.0,0.75,-15.0,7.19,10.0,300.0,60.0,60.0,2.0,-7.3,1.0,0.1,52.5
11,0,8,0.3057,22.26,30.0,0.0,-10.64,1.64,4.09,300.0,16.9,58.7,0.0,0.0,1.0,10.0,50.0,60.0,60.0,1.59,-15.0,6.31,10.0,300.0,60.0,50.32,2.0,-15.0,1.0,0.1,50.0
11,0,9,0.2472,24.57,30.0,0.0,-11.18,4.0,2.78,300.0,45.04,60.0,0.0,0.0,1.0,10.0,300.0,60.0,60.0,1.78,-15.0,1.0,10.0,300.0,60.0,60.0,2.0,-15.0,1.0,0.1,50.0
11,0,10,0.2282,36.3,30.0,0.0,-4.72,2.48,10.0,236.71,60.0,59.99,0.56,0.0,1.0,10.0,300.0,60.0,60.0,1.48,-7.13,6.76,10.0,300.0,60.0,57.55,1.36,-15.0,1.0,0.1,50.0
11,0,11,0.2833,60.0,30.0,0.0,-5.48,1.0,10.0,86.58,17.08,35.63,1.46,0.0,1.0,10.0,162.38,60.0,60.0,1.49,-3.07,4.23,10.0,300.0,60.0,60.0,1.05,-15.0,1.0,0.1,50.0
11,0,12,0.2382,60.0,30.0,0.0,0.0,3.66,5.56,50.0,42.41,41.67,2.0,0.0,1.0,10.0,73.85,60.0,60.0,2.0,0.0,2.06,10.0,222.27,60.0,60.0,0.49,-15.0,1.0,0.1,50.0
11,0,13,0.3025,52.49,30.0,0.0,-13.96,3.92,1.15,50.0,37.48,30.0,2.0,-12.17,1.0,10.0,203.47,60.0,60.0,1.63,0.0,1.0,10.0,117.35,60.0,53.54,0.73,-15.0,1.0,0.1,50.0
11,0,14,0.2434,60.0,30.0,0.0,-15.0,7.02,10.0,50.0,27.37,60.0,2.0,-15.0,1.0,10.0,300.0,60.0,60.0,0.23,0.0,1.0,10.0,111.11,60.0,50.34,0.18,-15.0,1.0,0.1,50.0
11,1,0,0.3018,52.51,35.8,1.35,-4.85,3.93,0.92,271.39,25.36,38.54,0.36,0.0,8.08,10.0,206.59,35.58,50.13,1.72,-9.14,5.78,0.79,50.0,42.68,49.12,1.55,-13.82,5.9,5.58,164.09
11,1,1,0.2701,60.0,46.0,0.29,-4.58,6.69,0.1,97.09,60.0,30.0,0.86,-4.45,1.41,10.0,300.0,18.94,51.61,2.0,-15.0,1.37,0.1,50.0,34.23,46.03,0.0,-10.71,9.7,4.97,82.25
11,1,2,0.2619,60.0,40.09,0.0,0.0,1.29,0.1,50.0,60.0,30.0,1.22,-10.48,1.0,10.0,300.0,57.33,60.0,1.63,-15.0,7.04,0.32,50.0,39.49,60.0,0.0,-9.0,10.0,7.86,93.32
11,1,3,0.3072,60.0,30.0,0.91,0.0,4.64,0.1,50.0,60.0,30.0,1.98,-4.67,1.0,8.66,300.0,60.0,60.0,0.54,-15.0,4.15,0.1,50.0,43.37,60.0,0.34,-15.0,7.1,10.0,88.69
11,1,4,0.3177,60.0,31.98,0.15,0.0,1.0,0.1,50.0,60.0,30.0,2.0,-8.96,1.0,9.8,300.0,60.0,60.0,1.41,-15.0,1.0,0.1,50.0,15.0,60.0,1.17,-15.0,6.66,10.0,176.8
11,1,5,0.265,60.0,30.0,0.0,0.0,1.0,0.1,50.0,60.0,30.0,2.0,-9.7,1.0,10.0,300.0,60.0,60.0,0.73,-15.0,1.0,0.1,50.0,23.47,60.0,0.0,-7.08,3.91,10.0,163.54
11,1,6,0.2692,60.0,30.0,0.0,0.0,1.0,4.99,50.0,60.0,34.24,2.0,-1.65,1.0,10.0,300.0,60.0,60.0,0.0,-15.0,1.0,0.26,50.0,15.0,57.74,0.0,-10.24,1.0,10.0,279.16
11,1,7,0.2395,60.0,40.35,0.0,0.0,1.0,1.93,50.0,60.0,50.63,2.0,0.0,1.0,10.0,300.0,60.0,60.0,0.0,-15.0,6.49,1.16,50.0,15.0,60.0,0.0,-15.0,1.0,10.0,300.0
11,1,8,0.2377,60.0,53.76,0.0,0.0,1.0,4.68,50.0,60.0,38.41,2.0,0.0,1.0,10.0,300.0,60.0,50.92,0.0,-15.0,2.61,9.34,111.18,15.0,60.0,0.0,-15.0,1.0,10.0,300.0
11,1,9,0.2658,60.0,58.08,0.0,0.0,1.0,7.31,50.0,56.63,31.55,2.0,-2.37,1.0,10.0,300.0,60.0,60.0,0.0,-15.0,3.85,10.0,137.53,15.0,47.66,0.0,-15.0,1.0,10.0,218.13
11,1,10,0.2465,60.0,52.64,0.0,0.0,1.0,0.27,50.0,60.0,42.13,2.0,-13.7,1.0,10.0,300.0,60.0,58.02,0.0,-15.0,6.65,10.0,50.0,15.0,37.92,0.0,-10.48,1.0,10.0,300.0
11,1,11,0.2446,60.0,35.22,0.0,0.0,1.0,0.1,50.0,60.0,59.68,2.0,-8.47,1.0,10.0,300.0,60.0,56.98,0.0,-15.0,10.0,10.0,50.0,15.0,45.97,0.0,-10.25,1.0,10.0,264.01
11,1,12,0.2595,60.0,30.81,0.0,0.0,1.0,1.71,50.0,60.0,60.0,2.0,-12.58,1.0,10.0,300.0,60.0,57.45,0.0,-15.0,10.0,10.0,50.0,15.0,40.64,0.0,-15.0,1.0,10.0,300.0
11,1,13,0.2318,60.0,60.0,0.0,0.0,1.0,0.1,50.0,60.0,60.0,2.0,-15.0,1.0,10.0,300.0,60.0,60.0,0.0,-15.0,10.0,2.85,50.0,15.0,54.1,0.0,-3.12,1.0,10.0,300.0
11,1,14,0.2329,60.0,60.0,0.0,0.0,1.0,0.1,50.0,60.0,60.0,2.0,-15.0,1.0,10.0,300.0,60.0,47.39,0.0,-15.0,10.0,10.0,50.0,15.0,60.0,0.0,0.0,1.0,10.0,300.0
12,0,0,0.3284,50.13,38.45,1.33,-15.0,3.49,7.69,300.0,26.34,30.0,0.0,-5.24,10.0,0.1,125.72,60.0,31.8,1.09,-15.0,10.0,8.26,255.68,32.41,60.0,0.74,-5.74,5.6,4.78,192.67
12,0,1,0.327,60.0,60.0,0.61,-15.0,8.26,10.0,300.0,15.0,30.0,0.0,-3.79,10.0,0.1,50.0,60.0,45.29,0.71,-15.0,10.0,10.0,300.0,38.38,59.98,0.0,-3.2,4.13,7.52,291.92
12,0,2,0.3325,60.0,58.01,0.3,-14.76,10.0,10.0,300.0,15.0,30.0,0.72,0.0,10.0,0.1,50.0,60.0,44.09,0.0,-12.37,10.0,10.0,300.0,25.62,60.0,0.0,-13.72,8.64,3.63,300.0
12,0,3,0.371,60.0,60.0,0.02,-13.99,10.0,9.09,300.0,15.0,30.0,0.3,0.0,10.0,0.1,167.1,60.0,40.57,0.0,-7.6,10.0,10.0,300.0,15.0,60.0,0.97,-15.0,10.0,2.86,277.26
12,0,4,0.4068,60.0,34.74,0.66,-10.56,10.0,9.84,300.0,15.0,30.0,0.58,0.0,10.0,0.1,273.24,60.0,30.0,0.0,0.0,10.0,10.0,300.0,15.0,42.86,0.95,-15.0,10.0,0.1,298.84
12,0,5,0.4225,60.0,30.0,0.0,-15.0,10.0,10.0,136.83,15.0,30.0,1.16,0.0,10.0,0.1,284.17,60.0,30.0,0.0,0.0,10.0,10.0,246.77,15.0,37.75,1.29,-15.0,10.0,0.1,300.0
12,0,6,0.4286,60.0,33.78,0.0,-15.0,10.0,1.95,297.73,15.0,30.0,1.28,-3.97,10.0,0.1,188.11,60.0,30.0,1.19,0.0,10.0,10.0,188.7,15.0,41.56,1.11,-15.0,10.0,0.1,300.0
12,0,7,0.4229,60.0,36.37,0.0,-15.0,9.69,1.63,300.0,15.0,30.0,0.0,-6.22,10.0,0.1,300.0,60.0,30.0,2.0,0.0,10.0,10.0,294.44,15.0,57.95,1.47,-15.0,10.0,0.1,300.0
12,0,8,0.4629,60.0,39.67,0.0,-15.0,10.0,0.1,154.9,15.0,30.0,2.0,-12.69,10.0,0.1,179.52,60.0,30.0,2.0,0.0,10.0,8.82,148.43,15.0,52.08,0.7,-15.0,10.0,0.1,300.0
12,0,9,0.5011,60.0,55.76,0.92,-15.0,10.0,0.1,50.0,15.0,30.0,2.0,-15.0,10.0,0.1,50.0,60.0,30.0,2.0,0.0,10.0,10.0,200.85,15.83,39.62,0.0,-15.0,10.0,0.1,238.38
12,0,10,0.4855,60.0,60.0,0.0,-15.0,10.0,0.1,225.21,15.0,30.0,0.9,-15.0,10.0,0.1,50.0,60.0,30.0,2.0,0.0,10.0,7.52,143.14,15.0,36.75,0.0,-15.0,10.0,2.3,300.0
12,0,11,0.4891,60.0,57.8,0.0,-15.0,10.0,0.1,52.19,15.0,30.0,0.11,-15.0,10.0,0.1,50.0,60.0,30.0,2.0,0.0,10.0,4.21,152.99,16.35,30.0,0.0,-15.0,9.0,2.62,300.0
12,0,12,0.4581,60.0,44.53,0.0,-15.0,10.0,0.1,77.46,15.0,30.0,0.0,-15.0,10.0,0.1,50.0,60.0,30.0,2.0,0.0,10.0,7.38,176.7,31.45,32.91,0.0,-15.0,5.98,8.44,162.33
12,0,13,0.4663,60.0,49.05,0.0,-15.0,10.0,0.1,69.15,15.0,30.0,0.0,-15.0,10.0,0.1,50.0,60.0,30.0,2.0,0.0,10.0,10.0,131.96,17.57,54.38,0.0,-15.0,9.9,0.1,98.47
12,0,14,0.4301,60.0,45.39,0.0,-15.0,10.0,0.1,95.04,48.77,30.0,0.0,-15.0,10.0,0.1,50.0,60.0,30.0,2.0,0.0,10.0,10.0,50.0,15.0,33.42,0.0,-15.0,9.45,0.1,89.6
12,1,0,0.3719,15.0,30.0,0.0,-7.93,8.44,9.07,145.65,60.0,30.0,0.04,-15.0,1.0,8.59,300.0,52.74,30.0,1.27,-15.0,9.85,8.89,209.09,22.57,60.0,2.0,-15.0,2.59,5.47,235.38
12,1,1,0.4123,15.0,30.0,0.45,-4.31,6.18,7.64,194.19,60.0,30.0,0.0,-15.0,1.0,8.66,300.0,21.96,30.0,1.35,-15.0,8.28,10.0,258.45,15.0,60.0,2.0,-12.77,6.89,8.15,300.0
12,1,2,0.3521,15.0,30.0,0.42,-4.76,6.76,1.19,50.0,60.0,45.47,0.4,-13.94,1.0,10.0,283.29,17.05,42.71,0.99,-15.0,1.0,10.0,246.63,15.45,60.0,2.0,-15.0,1.12,8.13,300.0
12,1,3,0.3276,15.0,50.36,0.0,-1.59,6.69,0.1,50.0,60.0,60.0,1.56,-10.49,1.0,10.0,174.15,15.0,50.82,1.37,-10.57,4.73,10.0,162.92,60.0,60.0,2.0,-15.0,3.36,0.1,300.0
12,1,4,0.3489,15.0,60.0,0.0,-15.0,9.15,0.1,78.0,60.0,60.0,1.36,-15.0,1.0,10.0,89.96,19.87,53.03,0.51,-14.28,3.52,10.0,220.54,54.43,55.92,2.0,-15.0,3.24,3.48,300.0
12,1,5,0.3708,15.0,55.67,0.0,-15.0,5.77,0.1,137.42,60.0,60.0,0.56,-15.0,1.0,10.0,89.14,15.0,30.0,1.11,-7.38,1.71,10.0,153.16,60.0,37.59,2.0,-15.0,6.74,1.04,300.0
12,1,6,0.3385,15.0,42.91,0.0,-15.0,5.56,0.1,96.22,60.0,60.0,2.0,-15.0,1.0,10.0,50.0,33.48,50.22,1.04,-10.34,2.96,10.0,287.55,39.37,39.81,2.0,-15.0,3.73,4.71,300.0
12,1,7,0.3388,15.0,58.4,0.0,-15.0,3.97,0.1,50.0,60.0,60.0,2.0,-15.0,1.0,10.0,50.0,44.84,47.36,0.0,-13.49,6.19,10.0,216.12,19.39,30.0,2.0,-15.0,1.0,10.0,300.0
12,1,8,0.346,15.0,60.0,0.0,-11.62,10.0,0.1,177.77,60.0,60.0,2.0,-15.0,1.0,10.0,50.0,31.23,50.4,0.14,-15.0,5.47,10.0,180.33,19.38,30.0,1.78,-15.0,2.31,10.0,134.91
12,1,9,0.3303,15.0,60.0,0.0,-15.0,10.0,0.1,81.69,60.0,60.0,2.0,-15.0,1.0,10.0,50.0,46.59,31.21,0.0,-13.72,7.37,10.0,295.73,45.68,30.0,0.72,-15.0,1.0,10.0,50.0
12,1,10,0.3286,15.0,60.0,0.0,-15.0,10.0,0.1,50.0,60.0,60.0,2.0,-15.0,1.0,10.0,50.0,60.0,38.95,0.0,-15.0,10.0,10.0,300.0,60.0,36.31,2.0,-15.0,1.0,10.0,50.0
12,1,11,0.342,15.0,60.0,0.0,-15.0,10.0,0.1,50.0,60.0,60.0,2.0,-15.0,1.0,10.0,50.0,60.0,30.0,0.0,-15.0,10.0,10.0,300.0,60.0,38.02,2.0,-15.0,1.26,10.0,50.0
12,1,12,0.332,15.0,43.83,0.74,-15.0,8.96,0.1,50.0,60.0,60.0,2.0,-15.0,1.0,8.89,50.0,60.0,34.81,0.0,-6.7,10.0,10.0,300.0,60.0,60.0,2.0,-15.0,1.0,10.0,50.0
12,1,13,0.3603,15.0,48.45,1.43,-15.0,10.0,0.1,50.0,60.0,60.0,2.0,-15.0,1.0,0.19,57.05,58.99,30.16,0.36,-15.0,10.0,10.0,300.0,60.0,60.0,2.0,-15.0,1.0,7.79,50.0
12,1,14,0.358,15.0,44.95,1.51,-15.0,10.0,0.1,50.0,60.0,60.0,2.0,-15.0,1.0,0.99,277.6,33.89,31.03,1.1,-8.82,10.0,10.0,300.0,60.0,58.96,2.0,-15.0,1.0,10.0,50.0
13,0,0,0.3365,22.5,60.0,0.0,-8.47,3.79,4.15,213.52,44.57,32.11,1.12,-4.23,7.38,6.47,219.48,15.0,38.48,1.21,-10.49,6.16,10.0,147.24,19.86,54.01,0.72,0.0,10.0,3.63,207.41
13,0,1,0.4127,20.87,52.71,0.0,-15.0,4.55,5.27,86.41,24.45,47.39,1.93,-11.86,3.22,7.45,50.0,15.44,30.0,1.81,-10.34,9.43,10.0,50.8,15.0,40.76,2.0,0.0,3.07,5.7,300.0
13,0,2,0.4362,16.05,60.0,0.52,-15.0,9.78,3.47,81.32,15.0,52.62,2.0,-3.61,1.0,6.94,50.0,15.0,30.0,0.72,-9.02,9.76,9.12,159.89,15.0,30.0,1.27,0.0,3.83,2.03,300.0
13,0,3,0.4154,15.0,60.0,0.33,-15.0,3.04,0.1,50.0,15.0,60.0,2.0,-4.33,1.49,10.0,50.0,15.0,30.0,2.0,-4.08,5.64,3.18,192.35,26.81,30.0,0.46,0.0,1.0,6.86,300.0
13,0,4,0.4004,15.0,60.0,1.74,-15.0,10.0,0.1,50.0,15.0,60.0,1.46,0.0,1.54,10.0,50.0,40.2,30.0,2.0,-4.39,1.0,2.74,248.91,32.52,30.0,0.0,0.0,1.95,6.87,213.66
13,0,5,0.4223,15.0,60.0,1.77,-15.0,10.0,0.1,50.0,15.0,60.0,2.0,0.0,1.0,10.0,52.59,59.01,30.0,2.0,0.0,1.0,0.1,300.0,15.0,30.0,0.0,0.0,1.0,6.08,102.61
13,0,6,0.4054,15.0,60.0,1.29,-13.76,10.0,0.1,50.0,21.39,60.0,2.0,-6.02,1.0,10.0,50.0,60.0,30.0,2.0,0.0,1.0,0.1,81.34,15.0,30.0,1.12,0.0,1.0,8.32,50.0
13,0,7,0.4305,15.0,60.0,1.28,-13.93,10.0,0.1,50.0,15.0,59.27,2.0,-7.31,1.0,10.0,50.0,60.0,30.0,2.0,-12.99,1.0,0.1,156.22,15.0,30.0,1.76,0.0,1.0,0.53,50.0
13,0,8,0.439,15.0,60.0,1.45,-15.0,8.43,0.1,50.0,15.0,52.41,2.0,-2.51,1.0,10.0,50.0,60.0,30.0,2.0,-8.29,1.0,0.1,260.95,15.0,30.0,2.0,0.0,1.0,1.87,50.0
13,0,9,0.4043,18.85,60.0,0.95,-8.83,10.0,0.1,50.0,15.0,60.0,2.0,0.0,2.53,10.0,54.02,60.0,30.0,2.0,-15.0,1.0,0.1,64.95,15.0,30.0,1.58,-3.6,1.0,0.1,50.0
13,0,10,0.3938,17.6,48.72,0.0,-9.96,10.0,0.1,50.0,15.0,60.0,2.0,-1.86,6.4,10.0,50.0,60.0,30.0,2.0,-15.0,1.0,0.1,50.0,15.0,30.0,0.63,-2.33,1.0,1.91,50.0
13,0,11,0.3768,23.24,44.98,0.0,-7.27,10.0,0.1,50.0,15.0,60.0,2.0,0.0,9.91,10.0,50.0,60.0,30.0,2.0,-15.0,1.0,0.1,50.0,15.0,30.0,0.73,-15.0,1.0,10.0,50.0
13,0,12,0.4167,15.0,41.97,0.0,-15.0,10.0,0.1,50.0,15.0,60.0,2.0,0.0,6.2,10.0,141.46,60.0,30.0,2.0,-15.0,1.0,0.1,50.0,15.0,30.0,0.3,-15.0,1.0,10.0,50.0
13,0,13,0.4516,15.0,31.64,0.25,-15.0,10.0,0.1,50.0,15.0,60.0,2.0,0.0,2.9,10.0,91.1,60.0,30.0,2.0,-15.0,1.0,0.1,50.0,15.0,30.0,1.24,-15.0,1.0,10.0,50.0
13,0,14,0.4423,15.0,38.73,1.62,-15.0,10.0,0.1,50.0,15.0,60.0,2.0,-1.68,1.23,10.0,151.41,60.0,30.0,2.0,-15.0,1.0,0.1,50.0,15.0,30.0,0.62,-15.0,1.0,10.0,50.0
13,1,0,0.2517,32.04,47.56,0.81,-2.51,2.89,0.1,100.66,44.73,50.29,1.56,-15.0,1.13,0.1,188.56,49.41,51.29,0.0,-15.0,7.02,10.0,228.74,60.0,60.0,0.0,-13.62,5.67,0.51,80.8
13,1,1,0.2675,21.87,35.31,2.0,-7.75,10.0,5.53,160.91,60.0,60.0,1.75,-15.0,1.0,0.1,84.01,60.0,49.5,0.0,-4.45,1.67,10.0,133.67,52.94,60.0,0.0,-15.0,5.99,2.2,101.61
13,1,2,0.3483,15.0,37.52,2.0,-15.0,8.67,8.78,180.93,55.29,60.0,1.99,-15.0,1.0,0.1,120.43,49.34,30.99,0.0,-15.0,9.79,10.0,209.96,60.0,60.0,0.45,-15.0,5.05,5.53,61.64
13,1,3,0.3428,15.0,37.94,2.0,-8.7,10.0,10.0,162.1,55.51,50.38,2.0,-15.0,1.0,0.1,120.83,51.9,30.0,0.5,-7.31,5.68,10.0,123.3,60.0,60.0,2.0,-15.0,8.92,4.21,76.2
13,1,4,0.4258,15.0,40.95,2.0,-13.39,10.0,10.0,258.89,60.0,60.0,0.45,-15.0,10.0,0.1,50.0,26.71,30.0,0.43,0.0,3.87,10.0,170.71,60.0,60.0,2.0,-15.0,8.51,7.47,50.0
13,1,5,0.4103,15.0,39.4,2.0,-13.41,9.48,10.0,175.81,60.0,54.24,0.0,-15.0,10.0,0.1,50.0,33.05,30.0,0.78,0.0,1.0,10.0,50.0,60.0,60.0,2.0,-15.0,10.0,3.36,50.0
13,1,6,0.417,15.0,58.68,2.0,-1.16,10.0,10.0,176.0,41.22,42.48,0.91,-15.0,10.0,0.1,50.0,30.17,30.0,1.2,-10.62,1.0,10.0,50.0,60.0,60.0,2.0,-15.0,10.0,6.55,50.0
13,1,7,0.4161,15.0,60.0,2.0,-11.18,10.0,10.0,108.34,56.06,55.49,0.24,-15.0,10.0,0.1,50.0,30.05,30.0,1.17,-9.64,1.0,10.0,50.0,60.0,60.0,1.69,-15.0,10.0,1.84,50.0
13,1,8,0.382,60.0,60.0,2.0,-9.23,10.0,10.0,86.4,49.73,43.53,0.0,-15.0,10.0,0.1,50.0,15.0,30.0,2.0,-0.04,1.0,10.0,50.0,60.0,60.0,1.25,-15.0,6.95,9.51,50.0
13,1,9,0.4481,57.99,60.0,2.0,-10.14,10.0,10.0,51.6,38.36,30.0,0.59,-15.0,10.0,0.1,50.0,15.0,30.0,2.0,0.0,1.0,10.0,50.0,60.0,60.0,2.0,-15.0,10.0,5.87,50.0
13,1,10,0.4485,59.19,60.0,2.0,-9.41,8.79,10.0,300.0,60.0,30.0,1.45,-15.0,10.0,0.1,62.32,15.0,30.0,2.0,0.0,1.0,10.0,50.0,60.0,60.0,1.97,-15.0,10.0,1.41,50.0
13,1,11,0.4172,60.0,60.0,2.0,0.0,9.42,10.0,229.19,60.0,30.0,0.08,-15.0,10.0,0.1,50.0,15.0,30.0,2.0,0.0,1.0,10.0,50.0,60.0,60.0,2.0,-6.2,10.0,10.0,50.0
13,1,12,0.4141,60.0,60.0,2.0,0.0,4.61,10.0,300.0,60.0,30.0,0.0,-15.0,10.0,0.1,50.0,15.0,30.0,2.0,0.0,1.0,10.0,50.0,60.0,60.0,2.0,-9.86,10.0,10.0,50.0
13,1,13,0.3961,51.09,60.0,2.0,0.0,1.0,10.0,208.37,59.44,32.67,0.0,-15.0,10.0,0.1,50.0,15.0,30.0,2.0,0.0,1.0,10.0,50.0,60.0,60.0,2.0,-9.09,9.53,10.0,50.0
13,1,14,0.4092,60.0,60.0,2.0,0.0,1.0,10.0,300.0,60.0,30.0,0.0,-15.0,10.0,0.1,50.0,15.0,30.0,2.0,0.0,1.0,6.18,50.0,60.0,60.0,2.0,-11.36,2.86,10.0,50.0
14,0,0,0.2947,35.89,56.4,0.99,-9.72,3.55,3.07,191.87,26.5,60.0,1.17,-6.95,9.47,10.0,300.0,27.44,60.0,0.22,-10.72,7.25,2.34,300.0,17.54,36.54,0.0,-4.08,10.0,10.0,209.84
14,0,1,0.2778,28.48,60.0,1.16,-9.73,1.5,0.1,292.36,58.8,56.62,1.28,-8.69,10.0,8.98,300.0,44.78,47.85,0.0,-8.48,4.44,4.5,300.0,15.0,48.08,0.7,-6.72,10.0,10.0,221.57
14,0,2,0.292,35.96,54.22,0.22,-15.0,1.0,0.1,228.91,54.73,41.2,1.08,0.0,4.6,10.0,300.0,15.0,30.0,0.0,-10.02,1.0,0.1,300.0,34.05,30.0,0.0,-0.35,10.0,10.0,194.53
14,0,3,0.3016,46.74,60.0,0.67,-15.0,1.0,0.1,155.7,60.0,51.86,2.0,0.0,4.73,5.55,300.0,15.0,30.0,0.0,-5.68,1.0,0.1,300.0,23.22,30.0,0.0,0.0,10.0,6.92,300.0
14,0,4,0.3485,15.0,51.7,0.86,-15.0,1.0,5.59,284.78,60.0,56.58,2.0,0.0,1.0,10.0,300.0,18.48,30.0,0.0,-10.98,1.0,0.78,300.0,15.0,30.0,0.0,-8.94,3.21,10.0,300.0
14,0,5,0.3691,15.0,49.86,1.33,-10.61,1.0,2.77,50.0,60.0,53.37,2.0,0.0,1.0,10.0,300.0,15.0,30.0,0.0,-15.0,1.6,8.3,300.0,15.0,30.0,0.0,-4.18,9.37,10.0,300.0
14,0,6,0.3319,15.0,60.0,1.64,-15.0,1.0,3.78,50.0,60.0,54.28,2.0,0.0,1.0,10.0,300.0,15.0,30.0,0.0,-15.0,1.0,1.87,300.0,34.96,30.0,0.0,-0.07,1.69,10.0,300.0
14,0,7,0.2805,15.0,59.63,2.0,-15.0,1.0,0.98,126.72,60.0,58.7,2.0,0.0,1.0,10.0,300.0,34.99,30.0,0.0,-15.0,1.0,0.1,300.0,53.78,30.0,0.0,0.0,7.14,10.0,300.0
14,0,8,0.2823,15.0,50.33,1.38,-12.94,1.0,8.59,50.0,60.0,48.3,2.0,0.0,1.0,10.0,300.0,55.51,30.0,0.0,-15.0,1.0,3.38,260.78,49.92,30.0,0.0,0.0,1.04,10.0,300.0
14,0,9,0.2822,15.0,50.71,1.38,-4.82,1.0,5.92,95.14,60.0,60.0,2.0,0.0,1.0,10.0,300.0,50.58,30.0,0.0,-15.0,1.0,2.73,300.0,48.44,30.0,0.0,0.0,1.0,10.0,300.0
14,0,10,0.3059,15.0,53.7,1.45,-3.69,1.0,1.0,143.38,60.0,49.24,2.0,0.0,1.0,10.0,300.0,60.0,30.0,0.0,-15.0,1.0,6.0,300.0,21.17,30.0,0.0,0.0,1.0,10.0,300.0
14,0,11,0.3384,15.0,54.35,2.0,0.0,1.0,0.1,289.85,60.0,47.1,2.0,0.0,1.0,10.0,300.0,60.0,30.0,0.0,-15.0,1.0,5.53,300.0,15.0,30.0,0.55,0.0,1.0,10.0,258.32
14,0,12,0.3288,15.0,58.65,1.42,0.0,1.0,0.1,300.0,60.0,56.15,2.0,0.0,1.0,10.0,300.0,60.0,30.0,0.0,-15.0,1.0,6.08,300.0,15.0,30.0,1.01,0.0,1.0,10.0,263.5
14,0,13,0.318,15.0,60.0,2.0,0.0,1.0,0.1,300.0,60.0,55.7,2.0,0.0,1.12,10.0,300.0,49.44,38.91,0.0,-15.0,3.81,0.1,250.37,15.0,30.0,0.0,0.0,1.0,10.0,300.0
14,0,14,0.3005,15.0,49.14,2.0,0.0,1.0,0.1,251.74,60.0,44.71,2.0,0.0,2.48,10.0,300.0,29.32,41.83,0.0,-15.0,6.61,0.1,300.0,46.94,30.0,0.69,0.0,1.0,10.0,239.66
14,1,0,0.3324,34.69,43.25,1.28,0.0,5.25,6.09,211.24,20.44,59.43,2.0,-15.0,1.0,5.08,50.0,15.0,33.05,0.0,-13.69,1.0,4.14,198.74,35.69,41.02,1.73,-4.14,1.15,1.65,82.42
14,1,1,0.2889,39.06,30.0,0.0,-5.43,6.06,8.11,84.53,57.71,55.98,1.93,-15.0,1.0,10.0,50.0,15.0,47.38,0.0,-10.29,1.0,7.25,300.0,56.53,44.58,2.0,-6.14,1.0,0.1,175.46
14,1,2,0.329,49.57,60.0,0.75,-5.61,5.42,1.39,138.03,52.02,46.18,1.37,-15.0,4.4,10.0,50.0,15.0,54.57,0.0,-7.19,2.52,6.82,300.0,27.29,56.95,2.0,-1.96,7.04,0.1,115.99
14,1,3,0.3614,60.0,50.72,1.2,-15.0,2.36,2.24,92.67,28.48,41.93,2.0,-15.0,4.26,10.0,50.0,15.0,60.0,0.0,-15.0,3.71,6.51,196.81,43.76,54.91,2.0,0.0,6.49,0.1,128.8
14,1,4,0.2983,60.0,54.82,1.08,-15.0,5.15,8.53,50.0,35.48,43.09,2.0,-15.0,1.0,10.0,50.0,15.0,60.0,0.0,-15.0,1.43,9.97,168.74,51.86,60.0,2.0,0.0,7.42,0.1,199.99
14,1,5,0.303,60.0,60.0,1.82,-15.0,5.37,3.83,50.0,60.0,30.0,2.0,-15.0,1.0,10.0,50.0,26.51,60.0,0.0,-3.61,1.0,3.23,264.78,42.66,44.17,2.0,-1.58,9.86,0.1,125.46
14,1,6,0.3088,60.0,51.57,1.22,-15.0,5.54,0.1,158.19,56.93,30.0,2.0,-15.0,1.0,10.0,50.0,45.7,60.0,0.0,-2.97,1.0,0.1,300.0,49.78,45.04,2.0,-3.9,2.98,0.1,50.0
14,1,7,0.3417,60.0,42.87,0.24,-15.0,6.07,0.1,258.08,40.62,30.0,2.0,-15.0,3.99,10.0,50.0,60.0,60.0,0.0,-2.3,1.0,1.03,99.73,60.0,52.37,2.0,-3.55,1.0,0.1,185.23
14,1,8,0.3176,60.0,35.67,0.18,-15.0,6.57,0.1,300.0,20.81,30.0,2.0,-15.0,1.0,10.0,50.0,44.91,60.0,0.0,0.0,1.0,0.1,102.67,60.0,60.0,2.0,-0.04,1.0,0.1,246.57
14,1,9,0.3607,60.0,30.0,0.0,-15.0,9.65,0.1,300.0,15.0,32.82,2.0,-15.0,1.0,10.0,50.0,60.0,60.0,0.0,0.0,1.0,1.92,160.33,60.0,51.28,2.0,-8.14,5.06,0.1,253.21
14,1,10,0.3511,57.37,30.0,0.0,-15.0,10.0,0.1,300.0,15.0,54.73,2.0,-15.0,1.0,10.0,50.0,60.0,60.0,0.0,0.0,1.0,0.1,240.97,60.0,30.0,2.0,-15.0,1.0,0.1,69.61
14,1,11,0.3922,59.84,30.0,0.0,-15.0,10.0,2.03,289.72,15.0,60.0,2.0,-15.0,4.01,10.0,50.0,60.0,60.0,0.0,0.0,2.33,0.1,274.25,60.0,30.0,2.0,-13.7,1.0,0.1,50.0
14,1,12,0.3695,21.42,30.0,0.26,-15.0,10.0,6.62,300.0,15.0,49.71,2.0,-15.0,1.0,10.0,50.0,60.0,60.0,0.0,0.0,1.86,0.1,221.5,60.0,30.0,2.0,-15.0,1.0,0.1,50.0
14,1,13,0.3678,32.3,30.0,0.0,-15.0,10.0,0.1,300.0,15.0,53.71,2.0,-15.0,1.0,10.0,50.0,27.15,60.0,0.0,0.0,1.09,2.51,161.07,60.0,30.0,2.0,-15.0,1.0,0.1,50.0
14,1,14,0.3994,18.99,30.0,1.19,-15.0,10.0,0.1,300.0,15.0,56.81,2.0,-15.0,1.0,10.0,50.0,19.41,60.0,0.0,0.0,4.25,7.06,208.42,60.0,36.79,2.0,-8.88,1.0,0.1,102.83
15,0,0,0.3937,15.0,60.0,1.5,-5.46,6.75,8.74,132.55,15.0,40.91,1.28,-15.0,10.0,8.92,130.93,46.36,30.36,1.16,-5.13,1.0,0.1,163.97,52.76,60.0,0.35,0.0,7.4,0.1,202.87
15,0,1,0.4602,15.0,45.62,2.0,-10.46,5.53,4.99,79.98,15.0,30.21,0.99,-15.0,10.0,10.0,70.56,55.82,30.0,0.66,-13.0,4.61,0.1,220.94,15.0,60.0,0.0,0.0,8.09,0.1,232.29
15,0,2,0.385,15.0,60.0,2.0,-5.39,5.57,9.43,115.2,15.0,60.0,1.93,-7.97,10.0,10.0,50.0,40.83,30.0,0.0,-4.37,8.87,0.1,224.29,15.0,60.0,0.0,-2.93,7.58,0.1,99.52
15,0,3,0.4518,15.0,60.0,2.0,-15.0,9.34,10.0,145.92,15.0,47.43,2.0,-15.0,10.0,10.0,60.13,15.0,30.0,0.0,0.0,8.72,0.1,221.34,15.0,60.0,0.0,-0.34,10.0,0.1,117.3
15,0,4,0.4368,15.0,60.0,2.0,-15.0,5.85,7.29,211.03,15.0,49.65,2.0,-9.25,10.0,10.0,50.0,15.0,30.0,0.15,-0.58,10.0,0.1,300.0,15.0,60.0,0.0,-12.79,10.0,0.1,50.0
15,0,5,0.4268,19.63,60.0,2.0,-15.0,1.2,6.67,179.21,15.0,38.73,2.0,-1.14,10.0,10.0,86.89,15.0,30.0,1.08,-2.83,10.0,0.1,300.0,15.0,60.0,0.0,-15.0,9.31,0.1,50.0
15,0,6,0.4436,15.0,52.94,2.0,-15.0,7.7,7.86,50.0,15.0,50.56,2.0,0.0,10.0,10.0,106.29,15.0,30.0,0.77,-4.04,9.9,0.1,300.0,15.0,60.0,0.0,-15.0,8.34,0.1,50.0
15,0,7,0.4536,15.0,36.63,2.0,-15.0,8.3,10.0,75.73,15.0,56.23,2.0,-8.42,10.0,6.41,95.29,15.0,30.0,1.81,-6.85,3.67,0.1,300.0,15.0,60.0,0.0,-15.0,7.8,0.1,50.0
15,0,8,0.4959,15.0,30.21,2.0,-15.0,6.39,9.87,50.0,15.0,60.0,2.0,-11.68,10.0,0.1,50.0,15.0,30.0,1.4,-9.47,6.7,0.1,300.0,15.0,60.0,0.0,-15.0,2.68,0.1,50.0
15,0,9,0.5129,15.0,30.0,2.0,-15.0,8.05,10.0,50.0,15.0,47.6,2.0,-14.05,10.0,0.1,50.0,15.0,30.0,0.64,-15.0,10.0,0.1,300.0,15.0,60.0,0.0,-15.0,1.22,0.1,50.0
15,0,10,0.5028,18.92,30.0,2.0,-15.0,2.77,10.0,50.0,15.0,43.22,2.0,-15.0,10.0,0.1,50.0,15.0,30.0,0.02,-15.0,9.4,0.1,300.0,15.0,60.0,0.0,-15.0,1.0,0.1,50.0
15,0,11,0.4814,15.0,30.0,2.0,-15.0,4.21,10.0,50.0,15.0,58.02,2.0,-13.81,10.0,3.49,50.0,15.0,30.0,0.0,-15.0,8.89,0.1,300.0,15.0,60.0,0.0,-15.0,1.0,0.1,165.63
15,0,12,0.4172,19.02,30.0,1.47,-15.0,1.0,10.0,50.0,15.0,60.0,2.0,-3.36,10.0,2.54,50.0,15.0,30.0,0.0,-15.0,8.09,0.1,300.0,15.0,60.0,0.0,-15.0,1.0,0.1,216.32
15,0,13,0.4695,15.0,30.0,2.0,-15.0,1.0,10.0,50.0,15.0,32.56,2.0,-7.02,10.0,0.3,50.0,23.97,30.0,0.0,-15.0,10.0,0.1,300.0,15.0,60.0,0.7,-15.0,1.0,0.1,158.42
15,0,14,0.4706,15.0,30.0,2.0,-15.0,1.0,10.0,50.0,15.0,30.0,2.0,-5.72,10.0,0.1,50.0,21.66,30.0,0.0,-15.0,6.38,0.1,300.0,15.0,60.0,1.03,-15.0,1.0,0.1,156.68
15,1,0,0.3237,21.06,60.0,1.66,-13.89,1.0,0.1,50.0,60.0,40.89,0.65,-1.08,1.19,2.34,299.7,15.0,60.0,2.0,-5.8,1.86,10.0,133.54,19.07,51.12,2.0,-4.41,1.34,4.49,50.0
15,1,1,0.3414,31.89,60.0,0.79,-13.92,1.0,0.1,50.0,60.0,30.0,1.09,0.0,3.49,3.05,300.0,15.0,60.0,1.37,0.0,2.2,10.0,50.0,15.0,40.29,2.0,-1.51,1.0,7.58,78.38
15,1,2,0.32,15.0,60.0,0.41,-15.0,1.0,3.6,61.36,58.75,33.04,2.0,0.0,5.22,10.0,300.0,37.42,60.0,0.98,0.0,1.55,10.0,50.0,15.0,50.99,2.0,-4.9,1.0,5.91,150.44
15,1,3,0.364,15.0,60.0,1.01,-15.0,1.0,4.04,142.29,19.16,35.81,2.0,0.0,1.0,8.06,300.0,29.11,60.0,2.0,0.0,1.0,10.0,50.0,15.0,45.59,2.0,0.0,4.5,10.0,202.98
15,1,4,0.3485,15.0,60.0,0.63,-15.0,1.0,5.74,200.73,23.13,55.67,2.0,0.0,3.75,6.09,260.34,25.51,60.0,2.0,0.0,2.17,10.0,50.0,15.0,60.0,2.0,-2.88,3.59,10.0,159.27
15,1,5,0.3739,15.0,60.0,0.01,-15.0,1.0,0.1,162.25,15.0,60.0,1.22,0.0,2.57,2.58,174.93,15.0,60.0,2.0,0.0,4.77,10.0,65.48,15.0,60.0,2.0,-1.34,1.0,10.0,171.6
15,1,6,0.3814,23.6,60.0,0.24,-15.0,1.0,0.78,197.12,15.0,60.0,1.55,0.0,1.0,9.48,109.16,15.0,60.0,2.0,-6.43,4.19,10.0,50.0,15.0,60.0,2.0,-7.68,3.46,10.0,223.48
15,1,7,0.3726,23.71,60.0,1.33,-15.0,1.0,0.1,213.18,15.0,60.0,2.0,0.0,1.0,5.73,285.4,15.0,60.0,2.0,-6.93,1.0,10.0,50.0,22.6,60.0,2.0,-10.41,1.81,7.97,300.0
15,1,8,0.4009,15.0,60.0,1.49,-15.0,1.0,1.73,144.98,15.0,60.0,2.0,0.0,4.73,2.36,257.02,15.0,60.0,2.0,-10.12,1.0,10.0,88.12,22.97,60.0,2.0,-10.04,7.41,9.93,300.0
15,1,9,0.4027,15.0,60.0,2.0,-15.0,1.0,0.76,196.53,15.0,60.0,2.0,0.0,8.16,3.37,163.91,15.0,60.0,2.0,-15.0,9.06,10.0,50.0,15.0,60.0,2.0,-3.58,3.63,0.1,300.0
15,1,10,0.4233,15.0,60.0,2.0,-15.0,1.0,3.75,79.48,15.0,60.0,1.86,0.0,10.0,4.31,300.0,15.0,45.98,2.0,-15.0,3.18,10.0,157.42,15.0,60.0,2.0,-15.0,3.47,7.93,300.0
15,1,11,0.38,15.0,60.0,2.0,-15.0,1.0,9.67,50.0,15.0,60.0,1.59,0.0,8.43,0.1,300.0,15.0,60.0,2.0,0.0,5.8,10.0,211.1,22.87,60.0,2.0,-11.18,1.0,10.0,300.0
15,1,12,0.4014,15.0,60.0,2.0,-15.0,1.0,10.0,60.99,15.0,54.87,1.99,0.0,10.0,0.1,300.0,15.0,60.0,2.0,-3.91,8.23,10.0,50.0,15.0,60.0,2.0,-15.0,2.43,10.0,300.0
15,1,13,0.3789,15.0,60.0,2.0,-15.0,1.0,10.0,50.0,15.0,60.0,1.58,0.0,4.15,1.33,300.0,20.82,60.0,2.0,0.0,6.93,10.0,50.0,15.0,60.0,2.0,-15.0,1.0,7.42,300.0
15,1,14,0.3832,15.0,60.0,2.0,-15.0,1.0,9.26,209.65,15.0,37.78,1.54,0.0,8.92,4.06,300.0,15.0,57.69,2.0,0.0,10.0,10.0,50.0,15.0,60.0,0.8,-15.0,1.0,0.1,300.0
16,0,0,0.3158,36.11,44.4,0.73,-4.81,5.25,3.77,110.05,27.92,30.0,2.0,-11.85,4.72,10.0,126.87,42.7,53.99,1.5,-3.42,6.33,4.88,118.7,60.0,60.0,2.0,-5.2,10.0,5.75,63.86
16,0,1,0.3157,41.09,37.17,0.0,0.0,1.47,0.1,78.04,48.01,30.0,2.0,-14.58,1.0,10.0,300.0,15.0,36.24,1.86,-2.17,7.41,5.29,50.0,60.0,60.0,2.0,0.0,10.0,0.1,50.0
16,0,2,0.3804,16.34,31.39,0.0,0.0,1.0,0.1,50.07,40.2,30.0,2.0,-15.0,1.0,5.45,275.54,15.0,30.0,0.03,-6.02,7.1,8.8,128.77,60.0,48.58,2.0,-2.13,10.0,0.1,53.81
16,0,3,0.3706,15.0,30.0,0.0,0.0,1.0,0.1,153.42,39.73,30.0,2.0,-15.0,2.38,10.0,233.94,39.69,30.0,0.34,-8.25,5.77,7.44,170.84,56.66,60.0,2.0,0.0,10.0,0.1,132.37
16,0,4,0.362,17.69,30.0,0.0,-3.43,1.0,0.1,151.61,24.86,30.0,2.0,-15.0,1.0,5.75,300.0,45.69,30.0,0.75,-13.52,8.53,10.0,148.97,60.0,60.0,2.0,0.0,10.0,0.1,140.45
16,0,5,0.4291,31.02,36.31,0.0,-15.0,1.0,0.1,155.67,15.0,30.0,2.0,-15.0,4.5,4.28,300.0,15.0,30.0,0.0,-15.0,9.24,10.0,156.8,55.74,60.0,1.11,-1.9,10.0,0.1,256.84
16,0,6,0.3819,43.7,36.87,0.0,-4.37,1.0,0.1,157.15,15.0,30.24,2.0,-15.0,4.21,7.79,262.77,36.77,33.2,0.48,-15.0,10.0,10.0,50.0,54.12,60.0,0.0,-2.55,10.0,0.1,271.91
16,0,7,0.3948,53.44,34.72,0.0,-14.72,2.21,0.1,200.69,15.0,35.83,2.0,-15.0,5.73,7.96,275.1,50.2,34.83,0.26,-15.0,10.0,10.0,185.71,16.3,43.86,0.0,0.0,10.0,0.1,300.0
16,0,8,0.2928,60.0,30.0,0.0,-1.34,9.43,0.1,160.56,58.05,52.99,2.0,-15.0,1.0,10.0,168.18,60.0,37.14,1.11,-15.0,8.78,10.0,252.91,18.79,30.0,0.0,0.0,10.0,3.04,204.65
16,0,9,0.3864,60.0,54.89,0.0,-7.36,1.03,0.1,262.79,15.0,59.81,2.0,-15.0,4.64,5.06,50.0,60.0,30.0,0.72,-15.0,10.0,10.0,287.79,60.0,30.0,0.0,0.0,10.0,1.94,218.81
16,0,10,0.3415,60.0,60.0,0.0,-11.38,3.53,0.1,258.83,15.0,60.0,2.0,-15.0,1.0,1.21,50.0,60.0,30.0,1.06,-15.0,10.0,10.0,70.62,52.79,30.0,0.0,0.0,10.0,0.1,110.8
16,0,11,0.3384,60.0,60.0,0.0,-4.37,4.5,0.1,170.9,15.0,60.0,2.0,-15.0,1.0,2.46,50.0,60.0,30.0,2.0,-15.0,10.0,10.0,50.0,32.12,30.0,0.0,0.0,10.0,3.04,104.78
16,0,12,0.3315,48.01,60.0,0.0,0.0,1.0,0.1,147.15,15.0,60.0,2.0,-15.0,1.0,8.51,50.0,60.0,30.0,2.0,-15.0,10.0,10.0,134.48,45.05,30.0,0.0,-4.84,10.0,6.57,300.0
16,0,13,0.3296,60.0,60.0,0.0,0.0,1.0,0.1,50.0,15.35,60.0,2.0,-15.0,1.0,7.83,50.0,60.0,30.0,2.0,-15.0,10.0,10.0,183.64,42.98,30.0,0.0,-8.83,10.0,4.16,257.07
16,0,14,0.2828,60.0,60.0,0.0,0.0,1.0,0.1,160.19,27.01,60.0,2.0,-15.0,1.0,10.0,50.0,60.0,30.0,2.0,-12.14,8.96,10.0,290.47,29.56,30.0,0.0,-6.88,10.0,8.79,268.57
16,1,0,0.3521,57.6,30.0,0.64,-2.46,6.3,5.38,236.79,32.43,49.13,1.79,-15.0,4.27,4.4,73.72,26.76,45.2,0.5,-2.34,8.64,0.1,257.15,22.55,30.0,1.45,-6.64,8.42,8.44,252.34
16,1,1,0.3728,60.0,30.64,0.32,-1.13,7.75,0.1,50.0,15.0,51.97,0.0,-15.0,5.11,9.98,50.0,15.0,55.28,0.18,0.0,8.8,3.26,226.47,60.0,30.0,0.85,-7.86,7.44,3.73,258.43
16,1,2,0.3344,60.0,32.79,0.28,-3.21,9.09,0.1,257.49,15.0,60.0,0.04,-15.0,6.7,6.3,257.46,25.03,60.0,0.0,-3.54,1.53,10.0,175.08,60.0,30.0,0.64,-4.73,7.38,4.65,246.79
16,1,3,0.3341,60.0,45.34,0.0,-5.47,10.0,0.1,300.0,15.0,54.31,0.0,-15.0,8.37,10.0,300.0,16.71,60.0,0.23,0.0,2.21,10.0,50.0,60.0,30.0,0.0,0.0,10.0,5.14,172.8
16,1,4,0.3381,60.0,37.52,0.07,0.0,10.0,0.1,300.0,15.0,48.56,0.0,-15.0,8.81,10.0,300.0,15.52,60.0,0.0,0.0,10.0,10.0,197.99,52.53,30.0,0.0,0.0,10.0,2.11,209.73
16,1,5,0.328,60.0,36.02,0.0,0.0,6.8,0.1,277.87,15.0,58.62,0.0,-15.0,1.64,6.04,300.0,15.23,60.0,1.05,-3.52,10.0,10.0,182.11,56.74,30.0,0.0,0.0,7.98,9.65,300.0
16,1,6,0.3009,60.0,37.06,0.0,0.0,10.0,0.1,267.28,15.0,60.0,0.0,-15.0,1.0,10.0,300.0,27.41,60.0,1.17,-15.0,10.0,10.0,196.53,60.0,30.0,0.15,0.0,10.0,10.0,273.08
16,1,7,0.3435,60.0,48.2,0.0,0.0,10.0,0.1,300.0,15.0,60.0,0.0,-15.0,3.34,9.37,300.0,15.0,60.0,2.0,-15.0,10.0,7.84,260.55,60.0,30.0,0.0,0.0,10.0,10.0,300.0
16,1,8,0.3427,60.0,60.0,0.0,0.0,10.0,0.1,300.0,15.0,60.0,0.0,-15.0,2.86,10.0,300.0,15.0,60.0,1.63,-15.0,10.0,7.56,50.0,60.0,30.0,0.55,0.0,10.0,10.0,300.0
16,1,9,0.3466,60.0,60.0,0.0,0.0,10.0,0.1,300.0,15.0,60.0,0.0,-15.0,10.0,10.0,300.0,15.0,60.0,0.05,-15.0,10.0,4.09,50.0,60.0,30.0,0.72,0.0,10.0,10.0,275.97
16,1,10,0.3464,60.0,60.0,0.0,0.0,10.0,0.1,300.0,15.0,60.0,0.0,-15.0,10.0,10.0,300.0,15.0,60.0,0.0,-15.0,10.0,10.0,50.0,48.55,30.0,0.0,0.0,10.0,9.3,300.0
16,1,11,0.3612,60.0,60.0,0.0,0.0,10.0,0.1,300.0,15.0,60.0,0.0,-15.0,10.0,10.0,300.0,15.0,60.0,0.0,-15.0,10.0,10.0,156.05,29.72,30.0,1.57,0.0,10.0,8.07,135.13
16,1,12,0.3627,60.0,60.0,0.0,0.0,10.0,0.1,300.0,15.0,60.0,0.0,-15.0,10.0,10.0,300.0,15.0,60.0,0.6,-15.0,10.0,7.88,228.67,45.59,30.0,1.58,0.0,10.0,9.93,212.52
16,1,13,0.3679,60.0,60.0,0.0,0.0,10.0,0.1,300.0,15.0,60.0,0.0,-15.0,10.0,10.0,300.0,15.0,60.0,1.08,-15.0,10.0,10.0,108.79,57.41,30.0,2.0,0.0,10.0,10.0,219.61
16,1,14,0.3442,60.0,60.0,0.0,0.0,8.74,0.1,300.0,15.0,60.0,0.0,-15.0,10.0,10.0,300.0,15.0,60.0,2.0,-15.0,10.0,10.0,237.93,60.0,30.0,0.12,0.0,10.0,10.0,50.0
17,0,0,0.2786,37.57,45.76,0.49,-12.26,1.0,0.1,75.39,50.62,51.86,0.17,-0.29,8.15,0.1,277.63,15.0,38.15,0.56,-0.17,1.0,6.66,131.15,48.72,51.12,0.98,-9.56,9.06,5.24,144.77
17,0,1,0.2942,25.88,33.88,0.0,-15.0,1.0,0.1,277.52,60.0,41.05,0.0,0.0,10.0,0.68,300.0,15.0,49.83,0.0,0.0,1.0,9.31,50.0,43.99,37.53,0.3,-15.0,7.96,6.25,279.78
17,0,2,0.3546,15.0,35.85,0.0,-15.0,1.0,0.1,194.92,60.0,30.0,0.0,0.0,10.0,1.63,134.03,15.0,60.0,0.0,-0.03,1.0,7.31,91.98,33.08,30.0,0.12,-15.0,2.97,6.89,300.0
17,0,3,0.3459,15.0,40.97,0.0,-15.0,1.0,0.1,161.83,60.0,30.0,0.0,-0.62,9.58,0.1,50.0,15.0,60.0,0.0,-12.18,1.0,0.1,291.19,29.64,30.0,0.03,-15.0,1.84,3.38,300.0
17,0,4,0.3183,15.0,60.0,0.0,-9.68,1.0,0.1,211.03,60.0,30.0,0.0,-1.45,9.99,3.77,50.0,15.0,60.0,0.0,-14.94,1.0,0.1,300.0,58.64,30.0,0.0,-15.0,1.0,0.1,300.0
17,0,5,0.3266,15.0,60.0,0.0,0.0,1.0,0.1,50.0,60.0,30.0,0.0,-5.05,2.51,0.1,50.0,15.0,60.0,0.0,-15.0,1.0,0.1,300.0,49.44,30.0,0.0,-15.0,1.0,0.1,248.04
17,0,6,0.3106,17.04,55.84,0.0,-1.2,1.0,0.1,50.0,60.0,30.0,0.0,-10.46,1.0,1.6,50.0,15.0,60.0,0.0,-15.0,1.0,5.85,300.0,53.55,30.0,0.0,-15.0,1.0,0.1,300.0
17,0,7,0.2857,45.12,56.62,0.0,0.0,1.24,0.1,50.0,60.0,30.0,0.0,-15.0,1.0,0.1,125.74,15.0,60.0,0.0,-15.0,1.0,0.1,300.0,29.65,30.0,0.0,-15.0,1.0,0.1,230.97
17,0,8,0.3224,39.21,49.5,0.0,-2.3,1.0,0.1,50.0,60.0,30.0,0.0,-15.0,1.0,0.1,180.05,15.0,60.0,0.0,-15.0,1.0,0.1,300.0,15.22,30.0,0.0,-15.0,1.0,0.1,50.0
17,0,9,0.3565,15.0,60.0,0.0,0.0,2.88,0.1,50.0,60.0,30.0,0.0,-15.0,1.0,0.1,300.0,15.0,56.68,0.0,-15.0,1.0,0.1,253.0,15.0,30.0,0.0,-15.0,1.0,1.82,113.69
17,0,10,0.3174,15.0,58.43,0.0,0.0,1.27,0.1,50.0,60.0,30.0,0.0,-15.0,1.0,0.1,300.0,33.77,60.0,0.0,-15.0,1.0,0.1,50.0,15.0,30.0,0.0,-15.0,1.0,4.15,214.51
17,0,11,0.2787,34.94,46.4,0.0,0.0,1.0,0.1,50.0,60.0,30.0,0.0,-14.98,1.0,0.1,300.0,37.08,59.19,0.0,-15.0,1.0,0.1,97.97,15.0,30.0,0.0,-15.0,1.0,4.88,225.39
17,0,12,0.3467,42.48,40.86,0.0,0.0,1.19,0.1,50.0,60.0,30.0,0.0,-11.35,1.0,0.1,300.0,15.0,34.78,0.0,-14.0,1.0,0.1,300.0,15.0,30.0,0.0,-15.0,1.0,1.7,184.1
17,0,13,0.3585,34.52,60.0,0.0,0.0,1.0,0.1,50.0,60.0,30.0,0.0,-15.0,1.0,5.5,300.0,15.0,30.0,0.0,-12.94,1.0,0.1,300.0,15.0,30.0,0.0,-15.0,1.0,4.28,50.0
17,0,14,0.3531,15.0,53.48,0.0,0.0,1.0,0.1,50.0,60.0,30.0,0.87,-15.0,1.0,10.0,300.0,60.0,30.0,0.39,-9.64,1.0,0.1,300.0,15.0,30.0,0.0,-15.0,1.0,4.48,50.0
17,1,0,0.3257,28.06,59.24,1.97,-8.69,7.35,9.45,284.13,25.04,39.98,0.0,0.0,1.41,2.72,50.0,15.0,30.0,0.0,-6.21,7.17,7.78,300.0,36.76,48.75,0.96,-2.25,2.57,4.23,83.11
17,1,1,0.3968,15.0,59.12,2.0,-15.0,4.09,10.0,300.0,18.49,38.78,0.0,0.0,1.0,0.1,94.32,15.0,38.49,0.0,-1.12,9.88,8.22,297.95,15.0,38.94,0.41,-11.11,2.04,0.1,50.0
17,1,2,0.3257,49.74,60.0,2.0,-15.0,1.3,10.0,292.03,15.0,42.33,0.55,-7.04,1.0,0.1,50.51,15.0,46.66,0.0,0.0,7.99,3.21,50.0,25.18,50.11,0.09,-12.11,1.0,0.1,50.0
17,1,3,0.3478,60.0,60.0,2.0,-12.22,1.0,10.0,300.0,15.0,43.47,1.2,-8.4,1.0,0.1,126.23,15.0,30.0,1.1,0.0,10.0,2.51,128.54,60.0,60.0,0.61,-1.55,4.37,0.1,50.0
17,1,4,0.3385,60.0,58.86,2.0,-14.7,1.61,3.35,300.0,15.0,41.55,0.5,0.0,1.0,0.1,50.0,15.0,30.0,0.31,0.0,3.4,0.1,277.17,60.0,60.0,0.0,-5.98,2.96,0.1,50.0
17,1,5,0.2928,60.0,60.0,2.0,-4.18,1.0,5.74,222.23,41.7,30.0,0.0,0.0,1.0,0.1,50.0,15.0,30.0,0.0,0.0,1.16,0.1,300.0,60.0,60.0,0.0,-3.37,1.82,0.1,50.0
17,1,6,0.2899,60.0,60.0,1.8,0.0,2.19,10.0,50.0,60.0,30.0,0.0,-4.31,1.0,0.1,172.01,15.0,30.0,0.0,0.0,1.03,0.1,300.0,60.0,60.0,0.0,0.0,9.68,0.1,50.0
17,1,7,0.294,60.0,60.0,1.69,-3.37,3.24,10.0,50.0,39.83,30.0,0.0,0.0,1.0,0.1,122.31,15.0,30.0,0.0,0.0,1.0,0.1,300.0,59.68,59.31,0.0,-2.18,10.0,0.1,50.0
17,1,8,0.3252,60.0,60.0,2.0,-11.24,4.05,10.0,50.0,22.61,32.49,0.0,0.0,1.0,0.1,50.0,15.0,30.0,0.51,0.0,1.0,0.1,300.0,60.0,60.0,0.0,-1.01,10.0,0.1,50.0
17,1,9,0.3089,60.0,60.0,2.0,0.0,4.16,10.0,50.0,33.08,30.0,0.0,0.0,1.0,0.1,50.0,15.0,30.0,1.66,0.0,1.0,0.1,300.0,60.0,60.0,0.0,0.0,10.0,0.1,50.0
17,1,10,0.2945,60.0,60.0,2.0,-3.43,10.0,10.0,50.0,60.0,30.0,0.0,-0.56,1.0,0.1,50.0,15.0,30.0,2.0,0.0,1.0,5.18,300.0,60.0,49.63,0.0,-7.08,10.0,0.1,50.0
17,1,11,0.313,60.0,60.0,2.0,0.0,10.0,10.0,50.0,59.72,56.08,0.0,-4.22,1.0,0.1,50.0,15.0,30.0,1.69,0.0,1.0,2.84,300.0,31.98,51.08,0.25,-13.36,10.0,0.1,50.0
17,1,12,0.3192,60.0,60.0,2.0,-2.17,10.0,10.0,50.0,43.02,51.03,0.0,-5.88,1.0,0.1,50.0,15.0,30.0,1.68,0.0,1.0,10.0,300.0,49.48,60.0,0.59,-15.0,10.0,0.1,50.0
17,1,13,0.3118,60.0,60.0,2.0,-9.47,10.0,10.0,50.0,60.0,60.0,0.0,-4.68,1.0,0.1,50.0,15.0,30.0,2.0,0.0,1.0,10.0,300.0,52.75,60.0,2.0,-15.0,10.0,0.1,140.27
17,1,14,0.3099,60.0,60.0,2.0,-10.94,10.0,10.0,50.0,60.0,60.0,0.0,0.0,1.0,0.1,50.0,15.0,30.0,0.71,0.0,1.0,1.41,300.0,60.0,60.0,1.11,-15.0,10.0,0.1,291.0
18,0,0,0.2876,27.42,30.0,0.39,-15.0,1.0,10.0,50.0,60.0,45.16,1.73,-9.55,5.54,5.99,243.94,35.62,42.48,0.66,-7.68,6.71,6.78,50.0,32.94,59.92,2.0,-4.74,10.0,0.1,172.89
18,0,1,0.2588,39.18,30.0,0.99,-15.0,1.0,3.74,50.0,60.0,51.01,0.94,0.0,8.58,6.6,225.42,58.42,41.31,0.61,-9.83,5.67,10.0,72.59,52.66,60.0,2.0,0.0,8.21,0.1,50.0
18,0,2,0.2876,53.87,30.0,0.15,-15.0,1.0,0.1,50.0,60.0,41.28,0.08,0.0,6.22,5.34,162.77,60.0,30.0,0.0,-14.95,10.0,10.0,50.0,52.98,60.0,2.0,0.0,3.05,0.1,300.0
18,0,3,0.2595,41.87,30.0,0.0,-15.0,1.0,0.1,136.19,60.0,41.93,0.83,-2.6,9.16,8.87,281.43,60.0,51.24,0.0,-15.0,10.0,10.0,158.18,38.38,60.0,2.0,0.0,2.07,0.1,288.29
18,0,4,0.3252,15.0,37.97,0.0,-15.0,1.0,0.1,155.79,60.0,30.0,1.33,-15.0,3.06,5.27,300.0,60.0,47.46,0.0,-15.0,10.0,10.0,81.89,53.94,57.26,2.0,0.0,1.0,0.1,300.0
18,0,5,0.3281,15.0,60.0,0.0,-15.0,1.92,0.1,157.06,60.0,30.0,0.26,-7.08,9.63,0.14,300.0,60.0,48.78,0.76,-15.0,10.0,10.0,75.79,59.28,60.0,2.0,-4.36,1.0,0.1,300.0
18,0,6,0.3508,27.68,60.0,0.0,-15.0,7.2,0.1,50.0,60.0,30.0,1.1,-13.68,10.0,0.1,300.0,60.0,40.36,0.04,-15.0,10.0,10.0,73.24,53.96,60.0,2.0,-8.71,1.0,0.1,300.0
18,0,7,0.326,21.46,60.0,0.0,-15.0,6.59,0.1,117.18,60.0,30.0,0.64,0.0,10.0,3.94,300.0,60.0,36.77,0.0,-15.0,10.0,10.0,152.57,60.0,60.0,2.0,-14.19,2.79,0.1,300.0
18,0,8,0.3158,28.97,44.71,0.0,-15.0,10.0,0.1,133.15,60.0,30.0,0.6,0.0,10.0,1.28,300.0,60.0,40.16,0.0,-15.0,9.36,10.0,57.09,60.0,60.0,2.0,-9.53,3.65,0.1,300.0
18,0,9,0.3583,15.0,37.23,0.0,-15.0,10.0,0.1,261.04,60.0,30.0,1.06,0.0,10.0,0.1,300.0,60.0,45.27,1.07,-15.0,10.0,10.0,191.19,60.0,60.0,2.0,-15.0,4.04,0.1,300.0
18,0,10,0.3398,18.81,39.32,0.0,-15.0,10.0,0.1,162.96,60.0,30.0,0.0,0.0,10.0,0.1,300.0,59.95,41.59,0.0,-15.0,10.0,10.0,138.31,57.47,60.0,2.0,-14.31,4.18,0.1,300.0
18,0,11,0.3113,24.73,49.69,0.0,-15.0,10.0,0.1,75.48,60.0,30.0,0.0,0.0,10.0,0.1,300.0,60.0,42.9,0.0,-15.0,10.0,10.0,273.42,60.0,60.0,2.0,-7.45,3.49,0.1,300.0
18,0,12,0.3519,15.0,30.0,0.0,-15.0,10.0,0.1,189.89,60.0,30.0,0.0,0.0,10.0,0.1,300.0,60.0,43.22,0.81,-1.5,10.0,10.0,300.0,60.0,60.0,2.0,-15.0,1.0,0.1,300.0
18,0,13,0.3479,15.0,30.0,0.0,-15.0,10.0,0.63,300.0,60.0,30.0,0.0,0.0,10.0,0.1,300.0,60.0,42.9,2.0,-2.85,10.0,10.0,134.47,60.0,60.0,2.0,-13.09,1.0,0.1,300.0
18,0,14,0.3521,15.0,30.0,0.0,-15.0,10.0,0.1,198.64,60.0,30.0,0.91,0.0,10.0,0.1,300.0,60.0,60.0,2.0,0.0,10.0,10.0,52.44,60.0,60.0,2.0,-13.05,1.0,0.1,300.0
18,1,0,0.3347,54.23,60.0,0.75,-2.64,8.73,2.31,50.0,46.66,49.91,0.0,-11.63,4.6,8.68,205.45,15.0,38.8,0.91,-12.72,1.0,0.44,121.78,15.0,60.0,2.0,-10.79,10.0,7.2,246.21
18,1,1,0.3355,36.14,52.79,0.2,-0.36,7.53,3.03,50.0,25.01,57.68,0.0,-7.81,4.75,10.0,300.0,15.0,44.14,2.0,-15.0,1.0,0.1,50.0,15.0,60.0,1.5,-7.98,7.11,10.0,210.16
18,1,2,0.3264,15.0,60.0,0.0,-0.37,6.08,9.14,251.91,26.31,40.22,0.0,0.0,6.3,6.93,300.0,15.0,30.0,0.0,-15.0,1.0,0.1,50.0,31.47,60.0,0.43,-6.65,3.19,7.23,204.7
18,1,3,0.3165,15.0,60.0,0.0,-14.89,10.0,2.36,167.69,20.83,39.08,0.67,0.0,4.2,10.0,300.0,21.68,52.68,0.55,-15.0,1.0,0.1,50.0,40.73,60.0,0.0,-2.15,1.0,2.97,132.29
18,1,4,0.3617,15.0,48.55,0.0,-11.29,9.43,0.1,50.0,15.0,39.94,1.44,0.0,3.14,10.0,300.0,49.29,51.21,2.0,-10.09,1.0,0.1,50.0,22.88,60.0,1.38,-3.6,1.0,0.1,50.0
18,1,5,0.3914,15.0,46.47,0.0,-10.53,6.25,0.1,50.0,15.0,30.0,1.04,0.0,4.91,10.0,300.0,40.19,49.01,2.0,-12.71,1.0,0.1,50.0,16.25,60.0,1.63,0.0,1.0,0.1,50.0
18,1,6,0.4281,15.0,30.0,0.0,-15.0,8.61,0.1,50.0,15.0,30.0,0.81,0.0,7.42,10.0,300.0,29.59,60.0,2.0,0.0,1.0,0.1,50.0,15.0,60.0,0.41,0.0,1.0,0.1,50.0
18,1,7,0.4393,15.0,30.0,0.63,-15.0,10.0,0.1,50.0,15.0,30.0,0.34,0.0,8.44,10.0,300.0,42.41,60.0,2.0,0.0,1.0,0.1,50.0,15.0,60.0,1.05,0.0,1.0,0.1,50.0
18,1,8,0.4579,15.0,30.0,0.0,-15.0,10.0,0.1,50.0,15.0,30.0,0.13,0.0,9.69,10.0,300.0,15.0,60.0,2.0,-3.45,1.0,0.1,50.0,15.0,60.0,2.0,0.0,1.0,0.1,50.0
18,1,9,0.4319,15.0,30.0,0.0,-15.0,10.0,0.1,93.23,15.0,30.0,0.0,0.0,10.0,10.0,294.55,38.36,60.0,2.0,-4.36,1.0,0.1,50.0,15.0,60.0,2.0,0.0,2.59,0.1,50.0
18,1,10,0.4676,15.0,30.0,0.38,-15.0,10.0,0.1,50.0,15.0,30.0,0.3,0.0,10.0,10.0,300.0,15.0,60.0,2.0,-10.73,1.0,0.1,50.0,15.0,60.0,2.0,0.0,8.23,0.1,50.0
18,1,11,0.4633,15.0,30.0,0.27,-15.0,10.0,0.1,50.0,15.0,30.0,0.0,0.0,10.0,10.0,174.91,15.0,60.0,2.0,-15.0,1.0,0.1,50.0,15.0,60.0,2.0,0.0,10.0,0.1,50.0
18,1,12,0.4482,15.0,35.84,0.24,-15.0,10.0,0.1,50.0,15.0,30.0,0.0,0.0,10.0,10.0,300.0,15.0,60.0,2.0,-14.93,1.0,0.1,50.0,15.0,60.0,2.0,0.0,10.0,0.1,50.0
18,1,13,0.4382,15.0,33.66,0.0,-15.0,10.0,0.1,50.0,15.0,30.0,0.0,0.0,10.0,10.0,300.0,15.0,60.0,2.0,-15.0,1.0,0.1,50.0,15.0,60.0,0.87,0.0,10.0,0.1,50.0
18,1,14,0.4253,15.0,44.48,0.96,-15.0,10.0,1.74,50.0,15.0,30.0,0.47,0.0,10.0,10.0,300.0,15.0,60.0,2.0,-15.0,1.0,0.1,50.0,15.0,60.0,0.82,0.0,10.0,0.1,50.0
19,0,0,0.2661,27.97,43.35,0.03,-4.64,8.48,0.1,50.0,60.0,56.71,0.53,0.0,7.28,2.96,166.69,60.0,42.45,1.6,-11.06,5.59,10.0,172.27,40.85,30.0,1.82,-5.88,1.0,5.37,117.62
19,0,1,0.2959,15.0,36.17,0.0,-13.17,7.74,2.73,300.0,60.0,48.85,0.77,0.0,3.19,10.0,258.15,60.0,57.94,2.0,-7.56,5.37,10.0,227.57,57.89,36.59,2.0,-11.45,1.0,2.56,130.76
19,0,2,0.337,15.0,30.0,0.0,-15.0,8.62,6.19,300.0,60.0,59.22,0.0,0.0,1.0,10.0,146.86,60.0,35.67,1.86,-15.0,9.1,10.0,76.9,43.34,30.0,1.52,-6.43,1.0,1.63,50.0
19,0,3,0.3655,15.0,30.0,0.0,-15.0,10.0,9.96,300.0,60.0,45.42,0.7,0.0,1.0,10.0,80.4,15.0,42.02,1.72,-15.0,9.08,10.0,300.0,60.0,30.0,0.11,-2.65,1.0,3.14,50.0
19,0,4,0.3393,43.21,30.0,0.0,-15.0,10.0,5.16,300.0,60.0,51.0,0.62,-1.12,1.0,10.0,50.0,15.0,30.0,1.26,-15.0,10.0,10.0,300.0,60.0,46.78,1.81,-1.16,1.0,0.41,50.0
19,0,5,0.3678,53.02,30.0,0.0,-15.0,10.0,10.0,300.0,60.0,45.75,0.43,-3.8,1.0,10.0,95.82,15.0,30.0,2.0,-15.0,10.0,10.0,300.0,60.0,30.0,2.0,-6.39,1.0,2.88,50.0
19,0,6,0.3534,17.06,60.0,0.0,-15.0,10.0,9.52,300.0,60.0,60.0,1.94,-6.32,1.0,10.0,50.0,15.0,30.0,2.0,-15.0,10.0,10.0,300.0,60.0,56.5,2.0,-12.5,1.0,8.52,50.0
19,0,7,0.3269,36.78,60.0,0.0,-15.0,10.0,10.0,300.0,46.3,60.0,2.0,0.0,1.0,10.0,50.0,15.0,30.0,2.0,-14.64,10.0,10.0,300.0,60.0,60.0,2.0,-4.87,1.0,2.72,50.0
19,0,8,0.2968,46.86,60.0,0.38,-15.0,10.0,10.0,300.0,41.42,60.0,2.0,-3.04,1.0,10.0,97.86,58.06,30.0,2.0,-15.0,10.0,10.0,300.0,33.12,47.8,2.0,-11.93,1.0,1.02,50.0
19,0,9,0.3627,15.58,60.0,0.0,-15.0,10.0,8.81,300.0,15.0,60.0,2.0,-0.39,3.27,2.27,180.8,60.0,30.0,2.0,-5.56,10.0,10.0,300.0,36.11,54.82,2.0,-1.54,1.0,4.18,50.0
19,0,10,0.2882,48.23,48.51,0.0,-15.0,10.0,7.5,300.0,30.14,60.0,2.0,0.0,2.78,0.1,160.02,60.0,30.0,2.0,-9.03,10.0,10.0,300.0,53.38,60.0,2.0,-6.55,1.0,10.0,50.0
19,0,11,0.2764,48.33,50.27,0.0,-15.0,10.0,8.11,300.0,50.41,60.0,0.4,0.0,8.09,0.1,73.87,32.91,30.0,2.0,-12.44,10.0,10.0,300.0,60.0,60.0,2.0,-13.12,1.0,7.51,50.0
19,0,12,0.312,53.5,43.44,0.0,-15.0,10.0,10.0,300.0,51.94,34.89,1.52,0.0,4.66,0.1,50.0,37.4,30.0,2.0,-15.0,10.0,10.0,300.0,60.0,60.0,2.0,-9.31,1.0,5.35,50.0
19,0,13,0.2971,24.26,60.0,0.0,-15.0,10.0,10.0,300.0,60.0,30.0,0.21,0.0,1.0,0.1,108.9,60.0,30.0,2.0,-0.11,10.0,10.0,300.0,60.0,60.0,2.0,-13.27,1.0,0.1,50.0
19,0,14,0.3322,15.0,60.0,0.0,-15.0,10.0,10.0,300.0,60.0,30.0,0.0,0.0,3.37,2.61,209.41,60.0,30.0,2.0,0.0,10.0,10.0,300.0,60.0,60.0,2.0,-15.0,2.1,2.21,50.0
19,1,0,0.3315,60.0,35.08,0.59,-12.77,3.11,0.1,50.0,55.81,30.0,1.48,-3.83,5.43,2.63,253.12,60.0,31.9,0.0,-11.38,2.33,6.6,142.67,21.91,60.0,1.96,-3.47,5.21,1.56,269.29
19,1,1,0.3122,60.0,30.0,0.0,-9.17,4.38,3.01,50.0,60.0,49.05,1.94,-12.8,6.03,0.1,300.0,60.0,44.27,0.0,-9.18,4.2,10.0,94.77,15.0,60.0,1.68,0.0,10.0,1.35,122.56
19,1,2,0.2885,60.0,30.0,0.0,-15.0,7.97,5.44,50.0,46.31,54.68,1.19,-5.41,5.54,9.75,300.0,40.13,52.18,1.03,-9.8,1.0,10.0,50.0,18.21,60.0,2.0,0.0,10.0,8.24,86.23
19,1,3,0.2496,45.67,30.0,0.0,0.0,5.98,0.1,50.0,44.24,39.65,0.0,-0.8,10.0,5.58,300.0,60.0,54.03,0.7,-15.0,3.11,10.0,300.0,26.6,60.0,2.0,0.0,10.0,4.62,117.18
19,1,4,0.246,53.18,30.0,0.0,0.0,10.0,0.1,50.0,41.2,38.72,0.0,0.0,10.0,1.52,300.0,60.0,60.0,0.39,-15.0,1.0,10.0,300.0,30.06,45.59,2.0,0.0,10.0,7.96,245.06
19,1,5,0.2841,60.0,30.0,0.0,0.0,7.45,0.1,50.0,15.66,44.54,0.62,-0.92,2.41,3.24,300.0,60.0,60.0,0.0,-10.2,1.0,10.0,300.0,44.73,51.27,2.0,0.0,10.0,0.67,106.7
19,1,6,0.3575,60.0,30.0,0.0,0.0,5.98,0.1,50.0,15.0,31.57,0.0,0.0,8.56,8.11,300.0,60.0,60.0,0.0,-7.74,1.0,10.0,300.0,15.0,45.41,2.0,0.0,3.3,4.81,248.17
19,1,7,0.3574,60.0,30.0,0.0,0.0,10.0,0.1,50.0,15.0,30.0,0.0,0.0,10.0,1.97,300.0,60.0,60.0,0.0,-15.0,1.45,10.0,300.0,15.0,48.44,2.0,0.0,7.41,3.6,300.0
19,1,8,0.3662,60.0,30.0,0.0,0.0,10.0,1.45,50.0,15.0,30.0,0.0,0.0,5.91,0.1,300.0,60.0,60.0,0.0,-15.0,6.08,10.0,260.11,15.0,41.27,2.0,0.0,10.0,6.77,192.79
19,1,9,0.3497,60.0,42.51,0.0,0.0,10.0,0.1,50.0,15.0,30.0,0.0,0.0,1.36,0.1,300.0,60.0,46.53,0.0,-15.0,7.35,10.0,274.06,15.0,60.0,2.0,-0.42,10.0,9.77,50.0
19,1,10,0.354,60.0,38.64,0.0,0.0,10.0,0.1,50.0,15.0,30.0,0.0,0.0,1.0,4.51,297.71,60.0,48.3,0.0,-15.0,6.13,10.0,281.18,15.0,60.0,2.0,0.0,10.0,2.74,76.82
19,1,11,0.334,60.0,30.0,0.0,0.0,10.0,0.1,50.0,23.86,30.0,0.0,0.0,1.0,2.45,300.0,60.0,45.48,0.0,-15.0,8.08,10.0,269.93,15.0,49.57,2.0,-0.65,2.63,0.1,282.84
19,1,12,0.3275,60.0,30.0,0.0,0.0,10.0,0.1,50.0,26.28,30.79,0.0,0.0,1.0,1.7,300.0,60.0,44.94,0.0,-15.0,10.0,10.0,257.78,15.0,53.91,2.0,-0.9,6.62,0.18,146.65
19,1,13,0.27,60.0,30.0,0.0,0.0,10.0,4.83,50.0,45.92,46.81,0.0,0.0,1.0,0.1,300.0,60.0,51.28,0.0,-15.0,8.69,10.0,281.32,15.0,55.67,2.0,0.0,1.13,3.25,269.2
19,1,14,0.2849,60.0,30.0,0.0,-1.44,10.0,7.12,50.0,29.02,55.07,0.0,-5.69,1.0,0.1,300.0,60.0,41.21,0.31,-15.0,6.87,10.0,300.0,15.0,60.0,2.0,0.0,1.0,0.45,300.0
20,0,0,0.3097,35.42,57.65,1.66,-8.2,1.71,3.34,300.0,27.83,53.42,1.76,-8.17,10.0,6.36,223.09,37.61,42.6,0.3,0.0,1.0,0.58,216.99,15.0,60.0,1.17,0.0,2.05,9.82,165.6
20,0,1,0.361,28.36,60.0,0.75,-3.39,5.41,4.89,175.01,15.0,60.0,1.89,-6.79,10.0,2.62,300.0,41.11,45.97,1.13,0.0,1.0,5.7,300.0,15.0,60.0,2.0,0.0,1.45,10.0,240.63
20,0,2,0.3878,15.0,60.0,0.82,-3.83,9.01,1.22,156.1,15.0,30.0,2.0,0.0,10.0,0.71,300.0,43.76,52.18,0.07,0.0,1.0,7.52,300.0,15.0,60.0,2.0,-6.14,1.0,10.0,124.65
20,0,3,0.3774,29.46,46.65,0.69,-13.17,7.54,9.02,81.89,15.0,30.0,2.0,-0.71,10.0,4.86,300.0,43.35,60.0,0.0,0.0,1.0,9.8,300.0,15.0,60.0,2.0,0.0,2.72,2.05,227.44
20,0,4,0.4134,15.62,60.0,2.0,-10.33,8.74,7.27,50.0,15.0,32.15,2.0,-6.51,10.0,4.66,68.72,50.33,60.0,0.0,0.0,1.0,7.32,263.27,15.0,60.0,2.0,0.0,1.0,0.1,251.66
20,0,5,0.414,15.0,60.0,2.0,-8.86,1.0,3.66,50.0,15.0,50.09,2.0,-10.42,10.0,3.29,50.0,57.33,60.0,0.0,-4.47,1.0,10.0,300.0,15.0,60.0,2.0,0.0,1.0,0.1,300.0
20,0,6,0.3794,36.75,60.0,1.35,-13.15,1.0,7.25,50.0,15.0,42.5,2.0,-8.9,10.0,9.07,50.0,60.0,60.0,0.0,0.0,1.0,9.56,300.0,15.0,32.94,2.0,0.0,1.0,0.1,300.0
20,0,7,0.3441,15.0,60.0,0.81,-13.72,1.0,10.0,50.0,23.01,46.96,2.0,-3.78,9.34,0.1,165.83,60.0,60.0,0.63,0.0,1.0,10.0,300.0,15.0,45.33,2.0,0.0,1.0,0.1,300.0
20,0,8,0.3381,29.88,60.0,0.31,-3.38,1.0,10.0,50.0,24.72,34.89,2.0,-7.52,7.82,3.69,104.06,60.0,60.0,0.72,0.0,1.0,8.86,300.0,15.0,54.72,2.0,0.0,1.0,0.1,239.74
20,0,9,0.2985,15.45,60.0,0.0,0.0,1.0,10.0,50.0,60.0,54.72,2.0,-2.51,2.46,6.49,50.0,60.0,60.0,0.96,0.0,1.0,10.0,300.0,15.0,47.0,2.0,-3.31,1.0,0.1,300.0
20,0,10,0.2873,26.21,60.0,0.0,-15.0,3.64,10.0,50.0,60.0,60.0,2.0,0.0,4.49,0.87,50.0,47.93,60.0,1.1,0.0,1.0,7.98,300.0,15.0,49.22,2.0,-12.46,1.0,0.1,83.7
20,0,11,0.3299,31.18,60.0,0.0,-15.0,6.8,4.8,50.0,44.26,42.13,2.0,-14.83,3.63,8.55,241.21,60.0,60.0,1.93,-5.31,1.0,10.0,300.0,15.0,30.8,2.0,-10.56,1.0,0.1,264.0
20,0,12,0.3124,21.22,60.0,0.0,-15.0,7.7,5.75,50.0,59.23,60.0,2.0,-10.61,1.0,4.99,279.32,60.0,60.0,0.35,-2.28,1.0,10.0,300.0,15.0,32.7,2.0,-1.35,1.0,0.1,221.18
20,0,13,0.3386,54.48,41.51,0.0,-15.0,8.25,0.1,129.33,45.52,49.93,2.0,-14.91,3.74,0.1,300.0,60.0,60.0,0.57,0.0,1.0,10.0,300.0,15.0,30.0,2.0,-6.84,1.0,0.1,237.42
20,0,14,0.3789,60.0,30.0,0.33,-15.0,7.78,0.1,116.63,36.16,59.45,2.0,-15.0,5.63,1.47,300.0,60.0,60.0,0.24,0.0,1.0,10.0,300.0,15.0,30.0,2.0,-6.98,1.0,0.1,176.93
20,1,0,0.3093,59.33,53.53,0.37,-6.65,8.95,3.84,254.41,28.85,31.85,0.26,-15.0,10.0,8.82,142.25,59.39,45.82,0.24,-15.0,6.53,9.92,300.0,60.0,55.61,1.9,-14.83,1.47,10.0,300.0
20,1,1,0.3046,28.4,60.0,0.0,-5.4,10.0,1.39,50.0,38.35,30.0,0.26,-15.0,10.0,4.45,300.0,60.0,56.46,2.0,-15.0,6.84,6.76,230.01,60.0,51.82,1.53,-15.0,1.0,10.0,251.37
20,1,2,0.2911,27.86,60.0,0.0,-2.69,9.75,10.0,50.0,51.18,30.0,0.0,-15.0,10.0,3.24,183.09,60.0,60.0,2.0,-15.0,6.61,7.25,214.81,60.0,52.84,0.28,-13.15,5.58,10.0,296.12
20,1,3,0.2789,54.81,60.0,0.0,0.0,10.0,10.0,230.96,60.0,30.0,0.0,-15.0,10.0,4.89,300.0,60.0,60.0,2.0,-15.0,9.55,3.86,202.21,60.0,60.0,0.58,-5.22,9.52,10.0,300.0
20,1,4,0.2668,38.2,60.0,0.0,0.0,10.0,10.0,300.0,60.0,30.0,0.0,-15.0,10.0,10.0,300.0,60.0,60.0,2.0,-15.0,10.0,4.4,83.22,59.45,49.23,0.0,0.0,9.14,10.0,242.18
20,1,5,0.2942,39.45,60.0,0.0,0.0,10.0,10.0,50.0,60.0,30.0,0.69,-15.0,10.0,10.0,300.0,60.0,60.0,1.64,-15.0,10.0,10.0,125.55,38.44,34.95,0.0,0.0,10.0,10.0,240.43
20,1,6,0.3051,21.08,38.03,0.12,0.0,10.0,10.0,111.41,60.0,30.0,0.27,-15.0,10.0,10.0,252.13,58.78,50.63,1.26,-15.0,10.0,9.4,238.1,39.06,48.53,0.97,0.0,10.0,10.0,228.13
20,1,7,0.3715,15.0,35.13,1.38,-6.77,10.0,10.0,181.38,60.0,30.0,0.0,-15.0,10.0,8.48,300.0,60.0,60.0,0.43,-15.0,10.0,10.0,195.7,15.0,44.67,2.0,0.0,10.0,10.0,292.14
20,1,8,0.3375,15.0,60.0,1.39,-6.32,10.0,10.0,300.0,60.0,40.6,0.0,-15.0,10.0,7.23,300.0,60.0,54.3,0.15,-15.0,10.0,10.0,295.45,15.0,58.19,2.0,0.0,10.0,10.0,300.0
20,1,9,0.414,15.0,58.69,2.0,-15.0,10.0,10.0,300.0,56.81,30.0,0.69,-15.0,10.0,4.18,300.0,52.07,30.0,0.0,-15.0,10.0,10.0,231.94,15.0,53.72,1.2,0.0,10.0,10.0,300.0
20,1,10,0.4402,15.0,53.88,2.0,-9.53,10.0,10.0,293.57,15.0,30.0,0.67,-15.0,10.0,9.41,300.0,27.81,30.0,0.0,-15.0,10.0,10.0,300.0,15.0,55.53,0.0,0.0,10.0,10.0,300.0
20,1,11,0.428,15.0,57.12,2.0,-7.01,10.0,6.03,300.0,45.71,30.0,1.15,-15.0,10.0,10.0,300.0,15.0,30.0,0.0,-15.0,10.0,10.0,300.0,15.0,60.0,0.0,0.0,10.0,10.0,300.0
20,1,12,0.4055,15.0,60.0,2.0,-1.81,10.0,0.6,300.0,60.0,30.0,0.11,-15.0,10.0,10.0,300.0,15.0,30.0,0.0,-15.0,10.0,10.0,300.0,15.0,60.0,0.0,0.0,10.0,10.0,300.0
20,1,13,0.4277,15.0,60.0,2.0,0.0,10.0,0.1,300.0,60.0,30.0,1.04,-15.0,10.0,4.35,300.0,15.0,30.0,0.0,-15.0,10.0,10.0,300.0,15.0,54.88,0.0,0.0,10.0,10.0,300.0
20,1,14,0.4416,15.0,60.0,2.0,-6.06,10.0,0.1,300.0,44.86,30.0,2.0,-15.0,10.0,2.92,300.0,15.0,30.0,0.0,-15.0,10.0,10.0,300.0,15.0,60.0,0.0,0.0,10.0,10.0,300.0
